CPU_Usage,Internal_Temp,External_Temp,External_Humidity,Power_Draw,Solar_Wind,Grid_Price,Occupancy,Day,Hour,Active_Users,AI_Task_Load,Event
45.0,30.3,29.9,87.1,130.0,6.5,0.1,4,Saturday,0,522444.7,1,AI_Demand_High
47.6,29.2,18.2,66.1,110.0,0.0,0.0,8,Saturday,1,819808.5,1,Normal
25.0,27.0,30.7,79.2,110.0,6.1,0.1,4,Saturday,2,442352.4,1,Normal
76.2,42.0,36.3,75.1,129.1,14.5,0.1,7,Saturday,3,1340089.8,0,Normal
25.0,27.0,30.3,92.6,110.0,6.4,0.1,6,Saturday,4,500000.0,0,Maintenance
25.0,34.8,35.5,65.4,110.0,14.3,0.1,7,Saturday,5,427187.6,0,Normal
37.1,34.5,32.5,81.6,110.0,17.4,0.1,1,Saturday,6,862526.0,0,Normal
46.2,31.3,20.4,87.2,110.0,20.4,0.1,3,Saturday,7,1122423.4,0,Normal
66.4,42.0,36.0,79.6,135.0,26.9,0.2,17,Saturday,8,994245.7,1,AI_Demand_High
68.6,42.0,19.3,67.6,154.5,24.9,0.2,14,Saturday,9,1169914.2,0,Maintenance
98.6,42.0,28.7,94.2,172.9,23.7,0.2,18,Saturday,10,2126896.2,0,Normal
84.1,42.0,20.8,80.5,142.5,29.9,0.2,20,Saturday,11,1836582.8,0,Normal
41.9,32.8,18.2,83.4,110.0,26.1,0.2,14,Saturday,12,877763.9,1,Normal
100.0,42.0,26.4,72.1,189.2,33.6,0.2,12,Saturday,13,2261884.3,0,Normal
49.0,36.5,23.9,79.5,110.0,40.5,0.2,21,Saturday,14,1011617.1,0,Normal
46.2,30.0,27.7,77.9,130.0,20.9,0.2,24,Saturday,15,844100.4,1,AI_Demand_High
72.4,42.0,29.5,67.2,137.4,18.7,0.2,17,Saturday,16,1293809.4,1,AI_Demand_High
100.0,42.0,18.9,68.2,195.6,15.2,0.2,23,Saturday,17,2097414.8,0,Normal
28.9,28.8,20.5,90.1,110.0,18.3,0.2,1,Saturday,18,901040.7,0,Normal
65.1,42.0,29.2,72.2,111.6,17.3,0.2,1,Saturday,19,1309318.5,0,Normal
27.6,27.0,24.9,70.8,110.0,10.7,0.2,8,Saturday,20,578948.3,0,Normal
65.3,42.0,32.6,80.1,141.3,3.2,0.1,9,Saturday,21,1223331.9,0,Normal
56.3,42.0,31.0,88.1,113.5,5.2,0.1,2,Saturday,22,904220.1,0,Normal
27.9,27.0,34.9,66.9,110.0,0.0,0.1,9,Saturday,23,422348.5,0,Normal
75.8,42.0,31.8,82.3,142.5,0.9,0.1,5,Sunday,0,1249060.4,0,Power_Spike
38.5,42.0,26.6,68.6,110.0,8.1,0.1,8,Sunday,1,740355.8,0,Maintenance
39.4,38.4,37.5,65.0,125.0,0.0,0.1,7,Sunday,2,479345.3,0,Heatwave
66.7,42.0,23.5,66.6,134.5,0.0,0.1,7,Sunday,3,1327217.5,1,Normal
89.1,42.0,24.1,90.0,146.6,18.8,0.1,4,Sunday,4,1655207.4,1,AI_Demand_High
72.0,42.0,33.8,68.5,130.0,10.9,0.1,2,Sunday,5,1251126.2,1,AI_Demand_High
64.4,42.0,26.9,66.4,115.8,24.3,0.1,5,Sunday,6,1265159.7,0,Normal
33.7,32.1,34.0,78.1,110.0,19.5,0.1,3,Sunday,7,690362.4,1,Normal
88.7,42.0,38.0,80.3,177.3,17.7,0.2,20,Sunday,8,1842152.0,0,Heatwave
39.4,35.0,35.2,72.9,110.0,28.9,0.2,17,Sunday,9,853749.0,1,Normal
100.0,42.0,36.3,77.7,202.3,23.9,0.2,12,Sunday,10,2513234.1,0,Normal
100.0,42.0,32.6,65.0,198.0,32.9,0.2,14,Sunday,11,2207502.7,1,Heatwave
70.8,42.0,30.4,68.5,140.2,32.7,0.2,23,Sunday,12,1501254.3,0,Heatwave
67.4,42.0,29.6,82.3,110.0,24.2,0.2,15,Sunday,13,1335145.5,0,Normal
73.1,42.0,31.4,72.1,138.3,31.2,0.2,20,Sunday,14,1492585.9,0,Heatwave
65.8,39.7,30.0,75.0,130.0,24.7,0.2,22,Sunday,15,882531.0,1,AI_Demand_High
93.2,42.0,32.1,74.5,189.7,22.4,0.2,17,Sunday,16,2182124.1,0,Normal
31.2,41.5,31.8,68.2,110.0,13.2,0.2,15,Sunday,17,500000.0,0,Maintenance
58.3,42.0,25.5,76.0,122.0,27.0,0.2,1,Sunday,18,1017293.9,1,Normal
25.8,27.0,21.3,68.0,110.0,19.8,0.2,8,Sunday,19,764206.1,0,Normal
26.6,31.0,32.6,78.0,125.0,15.1,0.2,2,Sunday,20,573321.0,1,Heatwave
63.5,39.8,20.9,94.0,131.9,5.2,0.1,8,Sunday,21,1314266.1,0,Normal
28.5,33.9,35.8,94.1,110.0,0.0,0.1,6,Sunday,22,739087.3,0,Normal
25.0,27.0,24.9,91.0,110.0,14.1,0.1,8,Sunday,23,541476.6,0,Normal
25.0,31.0,27.1,73.0,125.0,0.0,0.1,6,Monday,0,581865.2,0,Heatwave
32.5,30.5,18.5,86.0,110.0,0.0,0.2,5,Monday,1,500000.0,0,Maintenance
42.9,34.7,30.9,73.6,110.0,8.3,0.1,5,Monday,2,746125.8,0,Normal
29.6,33.7,30.7,83.9,110.0,15.8,0.1,8,Monday,3,500000.0,0,Maintenance
67.5,42.0,24.8,78.7,134.3,11.5,0.1,7,Monday,4,1263791.2,0,Normal
27.3,31.0,25.4,69.5,125.0,22.3,0.1,8,Monday,5,681277.8,1,Heatwave
26.6,27.0,26.2,87.7,110.0,20.5,0.1,8,Monday,6,594619.9,0,Normal
30.6,36.1,24.2,73.5,110.0,14.0,0.1,7,Monday,7,500000.0,0,Maintenance
100.0,42.0,31.5,74.5,202.6,19.3,0.2,13,Monday,8,2000000.0,1,AI_Demand_High
100.0,42.0,30.1,92.7,210.8,26.7,0.2,22,Monday,9,2000000.0,1,AI_Demand_High
100.0,42.0,25.3,66.7,176.1,12.9,0.2,20,Monday,10,2324666.5,0,Normal
100.0,42.0,22.4,79.6,203.4,31.2,0.2,24,Monday,11,2000000.0,1,AI_Demand_High
82.2,42.0,37.8,92.4,164.0,19.4,0.2,18,Monday,12,1557869.3,0,Normal
100.0,42.0,27.1,83.3,220.0,29.2,0.2,23,Monday,13,2000000.0,1,AI_Demand_High
34.8,35.0,31.8,81.4,110.0,27.4,0.2,22,Monday,14,738592.4,0,Normal
81.6,42.0,20.8,72.5,144.4,24.1,0.2,17,Monday,15,1493090.3,1,Normal
100.0,42.0,27.7,75.3,178.9,20.0,0.2,20,Monday,16,2340742.3,0,Normal
95.1,42.0,18.6,90.6,170.8,9.8,0.2,24,Monday,17,1828587.8,0,Normal
31.4,33.4,28.1,81.8,110.0,31.3,0.2,1,Monday,18,500000.0,0,Maintenance
55.7,39.4,37.3,80.4,130.0,25.8,0.2,2,Monday,19,901188.1,1,AI_Demand_High
28.4,31.1,31.7,65.0,125.0,4.7,0.2,1,Monday,20,529555.6,0,Heatwave
26.7,27.9,18.8,65.5,110.0,18.2,0.2,3,Monday,21,547508.2,0,Maintenance
69.4,35.6,18.6,93.9,135.9,2.3,0.1,5,Monday,22,977859.4,0,Power_Spike
25.0,27.0,25.8,76.3,110.0,3.7,0.1,1,Monday,23,424571.0,0,Normal
35.5,29.5,21.2,83.1,110.0,0.0,0.1,4,Tuesday,0,773055.5,0,Normal
39.9,32.6,18.5,67.4,110.0,0.0,0.1,8,Tuesday,1,672235.9,0,Normal
41.5,34.7,33.1,85.5,110.0,10.6,0.1,6,Tuesday,2,914122.3,1,Normal
25.0,27.0,27.2,93.0,110.0,7.8,0.1,1,Tuesday,3,495782.7,0,Normal
56.8,35.9,23.8,82.3,110.0,8.8,0.0,1,Tuesday,4,1322771.1,0,Normal
68.9,42.0,36.0,68.8,131.3,6.8,0.1,3,Tuesday,5,1304600.5,0,Normal
52.5,37.2,20.3,82.5,110.0,12.1,0.2,8,Tuesday,6,1204283.5,0,Normal
57.5,36.4,37.1,88.0,130.0,6.5,0.1,8,Tuesday,7,648342.2,1,AI_Demand_High
100.0,42.0,24.3,77.2,158.7,23.4,0.2,24,Tuesday,8,2583815.0,1,Normal
100.0,42.0,38.0,81.4,220.0,13.8,0.2,14,Tuesday,9,1936886.9,0,Heatwave
46.9,42.0,36.1,74.5,125.0,27.6,0.2,18,Tuesday,10,912967.9,0,Heatwave
44.7,42.0,38.0,82.0,125.0,33.9,0.2,23,Tuesday,11,905799.7,0,Heatwave
65.7,42.0,37.7,83.7,128.5,42.2,0.2,14,Tuesday,12,1379758.9,1,Normal
100.0,42.0,23.8,68.9,175.2,31.9,0.2,15,Tuesday,13,2303263.3,1,Normal
100.0,42.0,37.2,74.3,181.8,28.6,0.2,20,Tuesday,14,2010836.1,1,Normal
100.0,42.0,25.8,71.1,164.8,37.5,0.2,24,Tuesday,15,1885143.0,1,Normal
64.9,39.5,25.7,92.3,150.1,21.8,0.2,15,Tuesday,16,1284242.7,1,Normal
70.1,42.0,30.8,77.8,136.4,14.4,0.2,14,Tuesday,17,1384090.5,1,Heatwave
29.9,33.9,28.8,85.3,110.0,5.4,0.2,5,Tuesday,18,538456.0,0,Maintenance
66.2,42.0,27.1,65.0,139.7,16.9,0.2,7,Tuesday,19,1331474.9,0,Heatwave
65.3,42.0,29.1,70.5,143.9,16.6,0.2,5,Tuesday,20,1268215.2,0,Normal
42.5,36.1,28.8,87.7,110.0,3.2,0.1,4,Tuesday,21,1055105.1,0,Normal
44.7,30.2,33.2,79.2,135.0,7.6,0.2,8,Tuesday,22,755915.3,1,Power_Spike
66.4,42.0,34.7,71.8,145.3,0.7,0.1,4,Tuesday,23,1238622.0,0,Normal
25.0,27.0,26.8,83.5,110.0,0.0,0.1,2,Wednesday,0,500000.0,0,Maintenance
68.9,40.1,24.0,66.2,138.0,0.0,0.2,6,Wednesday,1,1101013.2,0,Power_Spike
38.9,32.1,23.2,74.8,110.0,4.5,0.1,2,Wednesday,2,774960.2,0,Normal
38.3,39.8,21.9,79.1,110.0,14.6,0.1,3,Wednesday,3,723489.2,0,Normal
63.2,37.5,19.2,69.4,142.4,7.9,0.1,1,Wednesday,4,1328268.9,1,Normal
59.1,42.0,24.8,94.5,110.4,12.0,0.1,5,Wednesday,5,1276033.5,0,Normal
44.6,33.4,23.4,71.3,110.0,13.0,0.1,9,Wednesday,6,869497.3,0,Normal
26.8,30.5,37.3,68.9,110.0,22.6,0.1,2,Wednesday,7,652620.5,0,Normal
95.1,42.0,29.2,71.1,182.2,22.0,0.2,23,Wednesday,8,1853897.5,0,Normal
55.9,42.0,30.9,78.1,125.0,15.4,0.2,18,Wednesday,9,1321564.4,1,Heatwave
100.0,42.0,29.6,77.8,207.0,37.2,0.2,16,Wednesday,10,2320708.0,0,Power_Spike
99.0,42.0,20.8,82.0,172.6,37.7,0.2,13,Wednesday,11,1922351.6,1,Normal
100.0,42.0,26.9,65.6,213.9,31.4,0.2,19,Wednesday,12,2000000.0,1,AI_Demand_High
61.6,40.2,30.5,66.0,130.0,35.1,0.2,22,Wednesday,13,856415.0,1,AI_Demand_High
82.2,42.0,27.8,78.4,130.0,32.4,0.2,24,Wednesday,14,1252552.1,1,AI_Demand_High
70.8,38.6,26.0,89.5,135.0,24.9,0.2,24,Wednesday,15,994125.6,1,Power_Spike
97.4,42.0,37.9,91.6,193.3,8.5,0.2,17,Wednesday,16,2169345.1,1,Normal
33.5,36.0,35.6,67.6,110.0,26.5,0.2,15,Wednesday,17,823897.1,0,Normal
36.5,35.1,36.5,71.2,125.0,14.1,0.2,4,Wednesday,18,804064.1,0,Heatwave
25.0,31.0,35.4,82.4,125.0,9.5,0.2,2,Wednesday,19,445431.0,0,Heatwave
52.4,31.1,30.4,76.6,135.0,27.5,0.2,3,Wednesday,20,686527.8,0,Power_Spike
80.4,42.0,22.0,89.9,137.4,8.8,0.1,7,Wednesday,21,1554188.2,1,AI_Demand_High
25.0,31.0,31.9,65.0,125.0,3.5,0.1,3,Wednesday,22,359790.2,1,Heatwave
33.5,30.7,18.8,93.1,110.0,0.0,0.1,5,Wednesday,23,760302.2,0,Normal
55.1,41.2,27.5,87.5,118.9,8.3,0.1,6,Thursday,0,1174521.6,0,Normal
25.0,27.1,28.9,93.2,110.0,0.0,0.1,6,Thursday,1,358866.2,0,Normal
59.2,42.0,28.6,75.3,132.0,0.0,0.1,4,Thursday,2,1294566.0,0,Heatwave
25.0,36.0,38.0,65.9,125.0,6.8,0.1,6,Thursday,3,444243.1,0,Heatwave
40.0,27.0,36.2,93.1,135.0,17.8,0.1,3,Thursday,4,552298.6,0,Power_Spike
53.6,42.0,38.0,65.0,137.3,19.2,0.1,7,Thursday,5,945655.9,0,Heatwave
53.8,32.8,28.7,75.0,130.0,16.6,0.1,7,Thursday,6,948171.8,1,AI_Demand_High
80.0,42.0,38.0,76.0,150.8,18.2,0.1,4,Thursday,7,1283367.4,0,Heatwave
100.0,42.0,20.6,88.0,217.9,15.1,0.2,13,Thursday,8,2052844.3,1,Power_Spike
98.4,42.0,33.8,92.9,178.9,21.8,0.2,22,Thursday,9,1944939.1,0,Normal
100.0,42.0,20.5,71.1,204.4,29.6,0.2,18,Thursday,10,2000000.0,1,AI_Demand_High
63.9,42.0,33.9,88.9,151.4,31.5,0.2,14,Thursday,11,1044176.6,0,Maintenance
51.9,42.0,23.5,87.2,110.0,33.8,0.2,12,Thursday,12,1106662.7,0,Normal
92.6,42.0,35.5,66.9,175.7,35.0,0.2,13,Thursday,13,1838083.0,1,Normal
99.7,42.0,36.9,76.6,157.3,27.0,0.2,21,Thursday,14,1543729.2,1,AI_Demand_High
100.0,42.0,21.0,73.5,181.4,30.7,0.2,20,Thursday,15,2368190.5,1,Normal
41.0,31.5,27.3,74.1,110.0,22.8,0.2,23,Thursday,16,681899.4,1,Normal
86.4,42.0,37.6,94.5,143.6,9.8,0.2,19,Thursday,17,1812847.4,0,Normal
25.0,27.1,27.7,84.3,110.0,15.1,0.2,6,Thursday,18,500000.0,0,Maintenance
60.3,42.0,35.3,86.5,135.0,12.2,0.2,6,Thursday,19,693863.8,0,Power_Spike
25.0,27.0,29.8,94.3,110.0,14.8,0.2,1,Thursday,20,447427.4,1,Normal
70.6,42.0,25.5,76.3,149.4,7.6,0.1,2,Thursday,21,1194839.8,0,Normal
48.2,30.0,23.7,89.1,130.0,0.0,0.1,4,Thursday,22,574613.8,1,AI_Demand_High
40.0,27.0,22.1,78.0,135.0,3.3,0.2,3,Thursday,23,499814.0,1,Power_Spike
77.7,42.0,33.2,91.1,130.0,0.7,0.1,1,Friday,0,1293244.7,1,AI_Demand_High
45.1,34.2,25.7,70.4,110.0,4.0,0.1,8,Friday,1,786165.8,0,Normal
52.6,42.0,28.2,93.4,110.0,10.2,0.1,7,Friday,2,978194.7,0,Normal
29.6,27.1,27.8,71.6,110.0,14.9,0.1,4,Friday,3,780689.0,0,Normal
37.8,42.0,29.5,74.8,110.0,8.1,0.1,9,Friday,4,700455.8,0,Maintenance
48.1,38.0,35.3,87.7,120.9,8.0,0.1,4,Friday,5,992397.0,0,Normal
61.4,42.0,37.6,76.8,122.0,11.3,0.0,1,Friday,6,1236691.4,0,Normal
28.9,27.0,26.2,83.2,110.0,24.6,0.1,1,Friday,7,503278.3,1,Normal
41.5,36.4,34.6,78.3,110.0,32.0,0.2,12,Friday,8,809131.7,1,Normal
56.0,32.0,33.3,87.3,135.0,19.1,0.2,12,Friday,9,979703.4,1,Power_Spike
84.8,42.0,29.5,71.8,137.8,27.7,0.2,15,Friday,10,1650477.4,0,Normal
70.0,42.0,37.1,66.8,140.4,40.9,0.2,12,Friday,11,1246901.0,0,Maintenance
100.0,42.0,22.0,74.0,165.0,38.0,0.2,13,Friday,12,1985627.3,1,AI_Demand_High
100.0,42.0,20.2,79.2,204.4,34.7,0.2,15,Friday,13,2171873.6,0,Normal
70.0,42.0,35.1,70.0,146.1,22.0,0.2,18,Friday,14,1352454.5,0,Maintenance
100.0,42.0,26.8,75.6,199.8,30.3,0.2,13,Friday,15,2000000.0,1,AI_Demand_High
100.0,42.0,34.9,77.0,196.9,17.8,0.2,19,Friday,16,2000000.0,1,AI_Demand_High
100.0,42.0,35.9,66.7,170.5,13.6,0.2,24,Friday,17,2547912.9,0,Normal
45.8,36.0,19.2,82.5,110.0,15.4,0.2,7,Friday,18,865001.2,0,Normal
59.2,42.0,35.7,91.5,119.5,8.2,0.2,9,Friday,19,1158117.8,0,Normal
37.2,38.3,27.0,69.6,110.0,10.3,0.2,6,Friday,20,618890.2,0,Maintenance
37.4,39.5,28.2,82.9,110.0,0.1,0.1,4,Friday,21,733682.0,0,Maintenance
26.7,32.0,30.5,84.9,110.0,11.6,0.1,6,Friday,22,534781.8,0,Maintenance
66.3,42.0,36.5,77.6,131.0,9.7,0.1,4,Friday,23,1199432.5,0,Normal
65.3,42.0,18.4,86.0,133.3,0.0,0.1,7,Saturday,0,1311340.1,0,Normal
56.6,42.0,33.5,67.3,131.5,8.8,0.2,9,Saturday,1,1049466.6,0,Heatwave
47.8,40.2,31.8,80.1,110.0,1.0,0.0,3,Saturday,2,953317.4,0,Normal
25.0,28.8,32.5,65.2,110.0,13.9,0.1,3,Saturday,3,500000.0,0,Maintenance
37.7,29.1,31.9,85.8,110.0,8.9,0.1,2,Saturday,4,640860.5,0,Normal
25.0,27.0,20.7,84.8,110.0,14.8,0.1,1,Saturday,5,380509.5,0,Normal
67.8,42.0,24.0,66.2,126.7,16.4,0.1,1,Saturday,6,1343961.5,0,Normal
25.0,27.0,25.2,76.0,110.0,27.7,0.1,3,Saturday,7,394830.8,1,Normal
92.3,42.0,34.1,94.4,171.2,11.2,0.2,18,Saturday,8,1898079.3,0,Normal
59.4,42.0,23.6,77.6,110.0,29.9,0.2,22,Saturday,9,1224984.8,0,Normal
41.0,33.9,22.2,80.1,110.0,35.8,0.2,20,Saturday,10,792422.8,0,Normal
79.5,42.0,37.1,92.3,157.5,30.0,0.2,13,Saturday,11,1647873.5,1,Normal
53.0,39.9,18.2,86.5,124.8,41.9,0.2,18,Saturday,12,910305.5,0,Normal
25.0,29.1,38.0,82.5,110.0,28.9,0.2,12,Saturday,13,500000.0,0,Maintenance
100.0,42.0,31.5,88.9,165.0,29.1,0.2,13,Saturday,14,2211926.6,0,Normal
45.6,42.0,34.6,90.9,110.4,20.4,0.2,17,Saturday,15,813021.3,0,Maintenance
70.0,42.0,23.9,78.7,133.9,30.7,0.2,22,Saturday,16,1432723.5,0,Maintenance
38.6,35.9,24.3,69.3,125.0,20.4,0.2,16,Saturday,17,748495.8,1,Heatwave
58.0,39.0,32.8,76.6,130.0,15.2,0.2,8,Saturday,18,763495.3,1,AI_Demand_High
59.8,42.0,34.7,94.0,118.9,19.5,0.2,2,Saturday,19,1374637.6,0,Normal
27.3,30.7,32.8,85.9,110.0,6.4,0.2,1,Saturday,20,500000.0,0,Maintenance
56.4,30.0,20.9,67.5,130.0,0.3,0.1,7,Saturday,21,745299.2,1,AI_Demand_High
66.4,41.7,33.1,90.9,130.0,1.6,0.1,6,Saturday,22,1100574.7,1,AI_Demand_High
47.9,40.2,33.4,79.4,110.0,6.6,0.1,8,Saturday,23,829808.0,1,Normal
48.8,36.8,31.2,67.1,110.0,8.4,0.0,8,Sunday,0,1039042.2,0,Normal
30.8,36.5,33.3,81.5,110.0,3.6,0.1,2,Sunday,1,446493.6,0,Normal
52.9,42.0,38.0,67.5,128.9,13.7,0.1,8,Sunday,2,781952.5,0,Heatwave
25.0,27.5,30.3,91.3,110.0,0.0,0.1,6,Sunday,3,500000.0,0,Maintenance
28.9,27.0,19.8,71.1,110.0,9.0,0.1,9,Sunday,4,631883.0,0,Normal
43.7,38.8,33.8,79.8,125.0,9.9,0.1,7,Sunday,5,699332.2,1,Heatwave
29.9,29.2,19.6,81.7,110.0,16.8,0.1,2,Sunday,6,500000.0,0,Maintenance
25.0,27.0,26.2,66.6,110.0,20.9,0.1,8,Sunday,7,365371.3,0,Normal
64.8,39.0,26.1,94.2,130.0,22.8,0.2,20,Sunday,8,1136578.6,1,AI_Demand_High
100.0,42.0,19.3,80.4,212.7,23.6,0.2,18,Sunday,9,1970282.6,0,Power_Spike
83.8,42.0,25.0,73.7,149.9,30.0,0.2,15,Sunday,10,1838318.3,0,Normal
37.8,32.7,26.2,69.1,125.0,31.8,0.2,20,Sunday,11,865589.4,0,Heatwave
100.0,42.0,34.2,90.7,177.1,22.4,0.2,15,Sunday,12,2449525.0,0,Normal
31.9,34.3,38.0,65.0,125.0,31.4,0.2,23,Sunday,13,729413.1,1,Heatwave
100.0,42.0,19.4,70.8,213.5,28.3,0.2,15,Sunday,14,2000000.0,1,AI_Demand_High
61.6,42.0,37.1,68.9,130.0,25.3,0.2,20,Sunday,15,964783.6,1,AI_Demand_High
100.0,42.0,28.5,73.9,194.9,23.5,0.2,19,Sunday,16,2595028.8,1,Normal
55.1,36.9,24.0,88.4,110.0,16.8,0.2,15,Sunday,17,1221729.6,1,Normal
25.0,27.0,19.5,79.1,110.0,14.9,0.2,8,Sunday,18,377547.1,0,Normal
25.0,31.0,34.0,65.0,125.0,22.2,0.2,8,Sunday,19,485152.5,0,Heatwave
61.4,42.0,33.9,70.0,131.2,4.6,0.2,7,Sunday,20,1234001.3,0,Normal
69.3,42.0,38.0,65.0,153.7,4.4,0.1,6,Sunday,21,1304417.1,1,Heatwave
25.0,27.0,19.0,93.2,110.0,21.3,0.1,8,Sunday,22,395722.6,1,Normal
46.6,37.0,19.5,75.3,110.0,0.0,0.1,7,Sunday,23,885719.1,0,Normal
33.1,27.0,26.1,94.6,110.0,0.0,0.1,5,Monday,0,641816.0,0,Normal
61.2,31.9,23.9,79.6,130.0,7.3,0.1,4,Monday,1,916826.4,1,AI_Demand_High
31.6,32.7,22.6,70.4,110.0,0.0,0.1,2,Monday,2,521209.9,0,Maintenance
59.6,42.0,23.6,91.7,119.2,5.6,0.1,8,Monday,3,896867.3,1,Normal
53.6,39.6,34.1,78.8,110.0,24.5,0.1,9,Monday,4,1149288.0,1,Normal
41.3,34.5,38.0,76.3,125.0,2.4,0.2,4,Monday,5,889522.2,0,Heatwave
42.2,32.8,26.1,94.5,110.0,2.1,0.2,4,Monday,6,919217.6,1,Normal
25.0,33.7,38.0,65.0,125.0,11.4,0.1,5,Monday,7,507696.7,1,Heatwave
100.0,42.0,24.4,67.9,204.3,28.7,0.2,13,Monday,8,1976708.5,1,Power_Spike
98.0,42.0,33.5,76.6,171.0,27.7,0.2,18,Monday,9,1818196.9,1,Heatwave
100.0,42.0,28.5,65.0,197.9,26.1,0.2,16,Monday,10,2525439.8,1,Heatwave
100.0,42.0,36.8,65.0,199.2,36.2,0.2,17,Monday,11,2471045.2,1,Heatwave
100.0,42.0,37.6,66.2,213.5,43.3,0.2,15,Monday,12,2000000.0,1,AI_Demand_High
72.8,42.0,30.1,65.7,137.1,42.8,0.2,19,Monday,13,1200476.2,1,AI_Demand_High
49.8,42.0,31.2,78.2,125.0,21.9,0.2,19,Monday,14,1063171.2,0,Heatwave
100.0,42.0,31.0,69.0,182.2,12.4,0.2,23,Monday,15,2347802.6,0,Normal
45.3,32.1,20.5,79.0,110.0,18.4,0.2,16,Monday,16,881125.7,0,Normal
71.7,42.0,35.8,83.2,125.1,17.9,0.2,23,Monday,17,1615187.6,0,Normal
56.1,40.2,34.1,67.9,125.0,15.9,0.2,6,Monday,18,936103.7,0,Heatwave
32.7,31.3,33.0,65.0,125.0,13.5,0.2,3,Monday,19,437959.9,0,Heatwave
58.8,42.0,29.7,88.5,113.0,16.0,0.2,1,Monday,20,1248620.1,0,Normal
39.0,31.4,30.5,65.3,110.0,16.4,0.1,9,Monday,21,827168.3,0,Normal
58.4,40.4,19.4,87.9,120.7,3.6,0.0,9,Monday,22,1133330.1,0,Normal
82.6,42.0,31.7,91.8,165.8,8.9,0.1,3,Monday,23,1455140.4,1,AI_Demand_High
25.3,31.0,28.8,68.0,125.0,2.1,0.1,4,Tuesday,0,426825.7,1,Heatwave
55.7,42.0,32.3,81.1,110.0,3.3,0.1,7,Tuesday,1,810442.9,0,Maintenance
44.9,36.3,34.5,79.3,110.0,11.3,0.1,2,Tuesday,2,918241.8,0,Normal
28.8,33.1,38.0,66.7,125.0,9.2,0.1,3,Tuesday,3,672755.3,0,Heatwave
25.0,27.0,29.1,91.6,110.0,21.7,0.1,6,Tuesday,4,607916.4,0,Normal
25.0,27.0,28.4,91.8,110.0,3.0,0.1,8,Tuesday,5,500000.0,0,Maintenance
51.7,35.6,20.9,75.1,110.0,14.4,0.1,1,Tuesday,6,1038265.9,0,Normal
47.8,40.5,33.5,83.5,110.0,19.7,0.1,4,Tuesday,7,741290.2,1,Normal
36.5,31.5,23.4,92.8,110.0,21.3,0.2,12,Tuesday,8,793101.4,0,Normal
35.3,27.0,27.9,93.9,110.0,28.6,0.2,13,Tuesday,9,679472.3,1,Normal
100.0,42.0,23.7,80.3,199.6,29.0,0.2,19,Tuesday,10,2000000.0,1,AI_Demand_High
100.0,42.0,20.7,78.6,186.6,23.5,0.2,17,Tuesday,11,2475335.2,0,Normal
51.0,41.6,30.6,73.4,110.0,40.1,0.2,20,Tuesday,12,717161.9,1,Normal
98.5,42.0,25.1,83.8,217.4,30.2,0.2,13,Tuesday,13,2033569.2,1,Heatwave
69.8,40.4,33.0,69.3,130.0,17.5,0.2,14,Tuesday,14,1266649.8,1,AI_Demand_High
100.0,42.0,24.4,82.4,183.5,26.2,0.2,20,Tuesday,15,2187196.7,0,Normal
70.0,42.0,18.0,73.5,152.5,13.8,0.2,20,Tuesday,16,1456236.6,0,Maintenance
70.9,40.6,28.2,73.4,130.0,16.4,0.2,24,Tuesday,17,955573.3,1,AI_Demand_High
52.9,41.3,18.9,77.1,110.0,12.1,0.2,6,Tuesday,18,987476.7,0,Normal
25.0,27.0,23.5,95.0,110.0,16.5,0.2,3,Tuesday,19,449738.1,0,Normal
44.1,36.0,32.1,66.6,110.0,12.4,0.2,5,Tuesday,20,810789.7,0,Normal
46.7,27.0,19.3,82.4,135.0,1.0,0.1,2,Tuesday,21,500384.5,0,Power_Spike
36.5,31.2,34.8,67.5,110.0,11.1,0.1,7,Tuesday,22,631327.2,0,Normal
25.0,27.0,18.1,69.6,110.0,0.0,0.1,8,Tuesday,23,409427.2,0,Normal
28.4,32.5,22.9,78.2,110.0,2.0,0.1,6,Wednesday,0,500000.0,0,Maintenance
27.0,31.3,38.0,70.3,125.0,0.0,0.1,8,Wednesday,1,399906.5,1,Heatwave
51.8,38.3,24.3,72.8,110.0,3.6,0.1,2,Wednesday,2,870781.8,0,Normal
52.4,39.8,26.0,65.0,125.0,11.8,0.1,3,Wednesday,3,970984.7,0,Heatwave
62.8,41.2,25.2,67.6,151.3,14.8,0.1,7,Wednesday,4,1275281.7,0,Normal
65.6,42.0,23.4,74.1,138.8,22.6,0.1,1,Wednesday,5,1293756.8,0,Normal
61.7,42.0,38.0,84.0,151.7,13.5,0.1,7,Wednesday,6,1089711.7,0,Heatwave
61.5,35.8,24.3,93.3,130.0,18.2,0.2,6,Wednesday,7,1113685.4,1,AI_Demand_High
59.1,42.0,33.8,75.0,110.0,20.7,0.2,19,Wednesday,8,1137116.5,0,Normal
86.2,42.0,35.8,82.1,150.6,27.3,0.2,18,Wednesday,9,1645166.6,1,AI_Demand_High
42.3,35.0,32.7,82.3,125.0,26.0,0.2,15,Wednesday,10,842033.4,0,Heatwave
100.0,42.0,36.2,65.2,171.1,31.5,0.2,14,Wednesday,11,2414831.9,1,Normal
52.9,42.0,25.5,89.3,114.3,17.2,0.2,14,Wednesday,12,893305.1,0,Maintenance
100.0,42.0,37.3,93.5,188.8,27.7,0.2,15,Wednesday,13,2479517.3,0,Normal
100.0,42.0,19.8,67.7,192.1,31.4,0.2,20,Wednesday,14,2000000.0,1,AI_Demand_High
64.0,42.0,31.7,69.8,130.0,22.2,0.2,20,Wednesday,15,947718.7,1,AI_Demand_High
46.0,38.6,27.9,93.8,110.0,11.0,0.2,24,Wednesday,16,841675.9,0,Normal
69.8,42.0,25.8,81.1,129.5,29.3,0.2,13,Wednesday,17,1135700.8,1,Normal
38.7,34.3,30.7,65.4,110.0,20.4,0.2,5,Wednesday,18,810186.3,0,Normal
42.9,36.0,32.1,72.7,110.0,13.2,0.2,1,Wednesday,19,830883.2,1,Normal
68.5,42.0,18.1,78.5,155.0,4.8,0.2,4,Wednesday,20,1340112.9,0,Normal
40.1,31.2,21.3,85.8,110.0,2.1,0.1,2,Wednesday,21,612525.9,0,Normal
53.5,41.7,38.0,77.0,125.0,12.5,0.1,8,Wednesday,22,1080874.9,0,Heatwave
47.4,36.1,31.3,94.9,110.0,3.2,0.1,4,Wednesday,23,915154.8,0,Normal
40.3,28.5,37.3,73.6,135.0,0.0,0.1,5,Thursday,0,432457.2,0,Power_Spike
80.5,42.0,33.2,81.1,141.0,6.0,0.2,4,Thursday,1,1288402.5,0,Power_Spike
58.3,42.0,37.0,81.0,112.1,0.9,0.1,5,Thursday,2,1218757.4,0,Normal
73.3,42.0,32.1,77.2,134.3,17.8,0.1,5,Thursday,3,1251766.3,1,AI_Demand_High
48.4,31.6,24.0,70.1,110.0,19.8,0.1,5,Thursday,4,838863.2,0,Normal
25.0,27.0,20.1,94.3,110.0,8.9,0.1,3,Thursday,5,538680.8,0,Normal
31.6,31.0,38.0,80.6,125.0,10.2,0.1,7,Thursday,6,616001.4,0,Heatwave
37.7,35.2,30.9,79.9,110.0,4.7,0.2,3,Thursday,7,838601.4,0,Normal
78.1,42.0,25.0,73.1,151.3,14.4,0.2,13,Thursday,8,1418271.4,0,Heatwave
100.0,42.0,25.2,71.8,172.7,18.2,0.2,14,Thursday,9,2000000.0,1,AI_Demand_High
74.4,42.0,37.1,81.3,134.7,30.0,0.2,22,Thursday,10,1385615.4,1,AI_Demand_High
55.6,42.0,34.0,75.8,152.8,23.7,0.2,14,Thursday,11,1067539.2,0,Heatwave
100.0,42.0,26.7,80.5,192.2,26.9,0.2,19,Thursday,12,2562418.3,0,Power_Spike
75.5,42.0,27.2,94.7,159.3,24.0,0.2,15,Thursday,13,1518704.2,1,Normal
53.8,38.4,22.2,83.3,110.0,32.2,0.2,14,Thursday,14,1142024.0,1,Normal
32.1,37.1,25.4,76.1,110.0,29.4,0.2,21,Thursday,15,500000.0,0,Maintenance
75.3,42.0,25.4,88.2,143.2,7.3,0.2,16,Thursday,16,1679562.3,1,Normal
51.9,38.6,19.0,70.1,110.0,19.6,0.2,15,Thursday,17,1301504.1,1,Normal
26.6,32.2,33.4,76.5,110.0,9.2,0.2,9,Thursday,18,479096.1,0,Normal
32.6,35.3,32.3,65.4,125.0,20.0,0.2,8,Thursday,19,711444.3,0,Heatwave
43.3,36.0,34.4,78.0,110.0,16.4,0.2,7,Thursday,20,988746.5,1,Normal
50.6,42.0,38.0,78.5,125.0,1.6,0.0,8,Thursday,21,927354.4,0,Heatwave
25.0,27.0,22.2,79.5,110.0,1.2,0.1,5,Thursday,22,443290.4,1,Normal
41.0,36.7,31.1,88.8,110.0,0.0,0.2,4,Thursday,23,887485.2,0,Normal
44.3,36.7,27.4,82.3,110.0,0.0,0.1,7,Friday,0,1040200.7,0,Normal
47.3,35.9,35.6,75.3,110.0,4.9,0.1,1,Friday,1,841634.5,0,Normal
69.7,36.6,22.3,89.3,130.0,3.0,0.1,6,Friday,2,1098542.8,1,AI_Demand_High
56.3,42.0,31.6,72.1,110.0,14.6,0.1,8,Friday,3,1138256.7,1,Normal
28.7,27.2,30.2,71.7,110.0,5.1,0.1,7,Friday,4,352008.3,0,Normal
38.4,31.9,29.9,70.1,125.0,10.9,0.1,2,Friday,5,897031.8,0,Heatwave
25.0,27.0,20.7,72.8,110.0,8.5,0.1,7,Friday,6,668045.7,0,Normal
61.0,42.0,31.0,65.3,110.0,14.4,0.1,6,Friday,7,1302579.6,0,Normal
73.6,42.0,32.8,84.4,136.8,16.2,0.2,24,Friday,8,1477559.2,1,Normal
94.2,42.0,24.3,80.3,153.8,32.2,0.2,16,Friday,9,1744808.5,1,AI_Demand_High
70.0,42.0,30.9,78.4,131.6,25.0,0.2,15,Friday,10,1278301.4,0,Maintenance
37.1,35.1,25.9,94.0,110.0,26.4,0.2,12,Friday,11,700007.1,0,Normal
92.4,42.0,32.3,82.1,186.8,32.7,0.2,24,Friday,12,1997690.5,1,Normal
98.2,42.0,22.0,90.9,171.8,18.0,0.2,13,Friday,13,1791197.2,0,Normal
63.2,42.0,35.8,69.2,128.4,28.2,0.2,18,Friday,14,1274061.1,0,Normal
100.0,42.0,29.7,72.1,204.0,29.8,0.2,21,Friday,15,2089681.1,1,Heatwave
100.0,42.0,25.4,91.0,211.3,11.4,0.2,14,Friday,16,2000000.0,1,AI_Demand_High
43.6,33.7,19.2,82.5,110.0,25.3,0.2,16,Friday,17,816908.3,1,Normal
51.3,27.0,20.2,86.5,135.0,8.9,0.2,8,Friday,18,657601.0,0,Power_Spike
55.8,42.0,28.3,76.2,110.0,11.7,0.2,8,Friday,19,1061918.2,0,Normal
30.3,27.0,23.4,67.8,110.0,14.9,0.2,6,Friday,20,529680.9,0,Normal
29.2,29.1,34.7,78.7,110.0,4.8,0.1,5,Friday,21,425215.0,0,Normal
25.0,27.0,18.3,76.8,110.0,6.1,0.1,2,Friday,22,470323.0,0,Normal
57.1,33.8,25.6,91.0,130.0,0.4,0.1,9,Friday,23,788542.4,1,AI_Demand_High
26.8,27.0,24.7,72.3,110.0,0.8,0.1,1,Saturday,0,547381.8,0,Normal
76.8,42.0,18.4,94.0,155.3,0.0,0.1,2,Saturday,1,1364079.5,0,Normal
45.0,30.0,20.5,93.7,130.0,0.0,0.1,1,Saturday,2,517760.0,1,AI_Demand_High
53.0,33.0,26.3,72.4,130.0,12.4,0.1,4,Saturday,3,532986.7,1,AI_Demand_High
82.9,42.0,27.9,75.4,140.0,17.9,0.1,4,Saturday,4,1363380.9,0,Power_Spike
70.9,39.2,26.1,91.9,130.0,6.2,0.1,5,Saturday,5,1427484.2,1,AI_Demand_High
65.2,42.0,28.6,94.0,119.0,12.5,0.1,5,Saturday,6,1289026.2,0,Normal
57.8,35.1,29.9,78.3,135.0,22.2,0.2,8,Saturday,7,938333.9,1,Power_Spike
42.7,42.0,18.2,74.6,110.0,27.5,0.2,22,Saturday,8,670825.0,0,Maintenance
100.0,42.0,27.3,80.8,206.5,14.1,0.2,22,Saturday,9,2000000.0,1,AI_Demand_High
100.0,42.0,37.3,85.6,220.0,18.0,0.2,14,Saturday,10,2493627.5,1,Power_Spike
78.3,42.0,28.4,73.2,156.5,30.1,0.2,17,Saturday,11,1793494.3,1,Normal
100.0,42.0,31.6,87.1,220.0,32.2,0.2,23,Saturday,12,2236535.6,1,Power_Spike
65.4,42.0,24.2,66.5,133.6,47.1,0.2,24,Saturday,13,1598873.9,0,Normal
26.0,27.0,33.5,66.5,110.0,27.8,0.2,23,Saturday,14,709428.2,0,Normal
100.0,42.0,33.5,76.6,200.4,17.8,0.2,14,Saturday,15,1916640.7,0,Normal
98.2,42.0,28.4,75.6,161.8,25.7,0.2,24,Saturday,16,1763222.8,1,AI_Demand_High
43.1,36.7,37.5,74.5,110.0,28.3,0.2,13,Saturday,17,811359.9,0,Normal
44.5,39.0,26.5,69.7,125.0,18.1,0.2,8,Saturday,18,1005265.1,0,Heatwave
64.6,42.0,18.3,74.6,132.9,9.1,0.2,1,Saturday,19,1297942.8,0,Normal
77.1,40.8,33.4,70.8,130.0,17.4,0.2,9,Saturday,20,1370514.6,1,AI_Demand_High
57.7,42.0,34.1,74.3,110.0,12.7,0.0,7,Saturday,21,1292852.4,0,Normal
70.6,36.4,20.4,94.2,142.7,0.0,0.1,4,Saturday,22,930969.9,0,Power_Spike
49.0,30.0,23.3,77.3,130.0,5.2,0.2,3,Saturday,23,569750.2,1,AI_Demand_High
40.3,27.0,18.4,78.3,110.0,6.0,0.1,6,Sunday,0,831596.5,0,Normal
65.7,42.0,23.9,82.3,138.3,10.0,0.1,9,Sunday,1,1311749.6,0,Normal
25.0,35.1,33.5,94.5,110.0,4.3,0.1,9,Sunday,2,500000.0,0,Maintenance
52.9,33.4,28.4,72.2,130.0,6.6,0.1,4,Sunday,3,1083475.7,1,AI_Demand_High
40.0,27.0,25.0,85.4,135.0,16.7,0.1,5,Sunday,4,441961.1,0,Power_Spike
65.5,42.0,25.4,86.5,125.0,4.4,0.1,9,Sunday,5,1390919.6,0,Normal
45.0,30.0,18.0,83.2,130.0,20.1,0.1,2,Sunday,6,516847.0,1,AI_Demand_High
52.1,36.8,24.0,67.7,110.0,12.2,0.1,2,Sunday,7,1074753.4,0,Normal
85.4,42.0,36.9,75.3,172.6,25.1,0.2,16,Sunday,8,1492799.1,1,Heatwave
55.6,33.2,37.5,66.9,135.0,24.7,0.2,12,Sunday,9,735443.8,1,Power_Spike
38.3,34.3,34.9,82.9,110.0,36.8,0.2,19,Sunday,10,834033.2,1,Normal
100.0,42.0,18.5,87.2,198.8,28.6,0.2,16,Sunday,11,2504304.4,0,Power_Spike
58.3,42.0,38.0,65.0,125.0,27.7,0.2,23,Sunday,12,998719.8,0,Heatwave
65.7,40.8,33.7,90.2,130.0,34.2,0.2,21,Sunday,13,964103.4,1,AI_Demand_High
49.4,38.5,33.6,65.9,110.0,38.5,0.2,13,Sunday,14,980302.7,1,Normal
64.4,42.0,27.2,90.3,141.9,26.3,0.2,23,Sunday,15,1366207.7,0,Normal
96.5,42.0,26.0,78.8,169.8,18.8,0.2,20,Sunday,16,1546927.2,0,Power_Spike
79.6,42.0,24.1,71.5,153.6,18.6,0.2,13,Sunday,17,1544536.5,1,Normal
40.9,27.9,19.3,69.0,110.0,18.4,0.2,7,Sunday,18,709630.6,0,Normal
75.7,41.1,22.6,93.6,130.0,7.4,0.2,8,Sunday,19,1246231.6,1,AI_Demand_High
73.3,42.0,22.9,67.2,123.2,21.8,0.2,6,Sunday,20,1340126.2,0,Normal
69.9,40.5,27.7,71.0,130.0,9.6,0.1,7,Sunday,21,1274870.5,1,AI_Demand_High
41.0,38.4,32.9,75.4,110.0,0.0,0.2,1,Sunday,22,661570.7,1,Normal
25.0,27.0,27.5,83.6,110.0,5.0,0.2,4,Sunday,23,375641.7,0,Normal
84.2,42.0,19.2,81.3,162.4,0.0,0.2,7,Monday,0,1135096.9,0,Power_Spike
35.1,42.0,37.2,68.8,110.0,2.5,0.1,1,Monday,1,652087.8,0,Maintenance
74.2,42.0,38.0,65.0,170.7,3.6,0.1,1,Monday,2,1275269.1,0,Heatwave
56.0,42.0,38.0,65.0,131.2,13.6,0.1,6,Monday,3,1096652.2,1,Heatwave
67.3,42.0,37.8,71.4,135.0,18.4,0.2,4,Monday,4,1123873.8,0,Power_Spike
54.2,42.0,28.9,77.3,110.6,16.3,0.1,3,Monday,5,1141455.0,0,Normal
58.4,42.0,37.3,86.1,111.3,12.0,0.0,5,Monday,6,1207265.5,0,Normal
27.0,27.0,19.5,71.5,110.0,20.2,0.1,9,Monday,7,488174.4,0,Normal
46.0,41.9,31.3,66.0,125.0,23.5,0.2,21,Monday,8,856469.9,1,Heatwave
95.6,42.0,22.5,76.7,156.0,21.4,0.2,21,Monday,9,1981075.2,1,Normal
100.0,42.0,21.9,94.3,177.5,26.8,0.2,23,Monday,10,2524051.4,1,Normal
77.8,42.0,20.8,93.6,145.4,28.4,0.2,23,Monday,11,1298521.9,0,Normal
66.8,42.0,30.4,89.0,133.9,37.2,0.2,22,Monday,12,1127950.2,1,Normal
72.8,42.0,33.6,72.2,154.7,39.6,0.2,21,Monday,13,1402746.8,1,Normal
47.0,42.0,29.6,67.0,110.0,25.1,0.2,14,Monday,14,803469.4,0,Maintenance
100.0,42.0,20.9,74.5,178.0,31.2,0.2,16,Monday,15,2208489.4,1,Normal
100.0,42.0,34.2,73.0,197.8,17.6,0.2,21,Monday,16,2000000.0,1,AI_Demand_High
29.2,30.7,30.7,80.2,110.0,24.6,0.2,16,Monday,17,573582.4,0,Maintenance
68.2,42.0,25.8,88.3,129.0,10.9,0.2,9,Monday,18,1394949.5,0,Normal
35.4,37.3,37.5,80.7,125.0,5.5,0.2,4,Monday,19,907955.3,0,Heatwave
43.1,33.7,23.2,90.3,110.0,11.0,0.2,1,Monday,20,814853.2,0,Normal
44.1,27.2,24.9,75.8,135.0,0.0,0.2,5,Monday,21,503974.1,0,Power_Spike
51.4,35.6,36.3,85.6,130.0,0.0,0.1,1,Monday,22,823839.2,1,AI_Demand_High
72.3,42.0,29.8,65.0,148.0,1.9,0.1,6,Monday,23,1258100.2,0,Heatwave
25.0,27.0,27.4,66.8,110.0,0.5,0.1,7,Tuesday,0,500000.0,0,Maintenance
25.0,27.0,35.8,86.0,110.0,0.1,0.1,1,Tuesday,1,535158.4,0,Normal
39.9,33.1,32.2,65.3,110.0,0.0,0.1,4,Tuesday,2,771304.1,0,Normal
89.9,42.0,19.2,77.3,130.0,3.8,0.1,9,Tuesday,3,1526595.0,1,AI_Demand_High
72.6,42.0,20.9,74.9,116.2,14.0,0.1,1,Tuesday,4,1250287.5,0,Normal
30.5,27.0,18.2,85.8,110.0,15.2,0.1,9,Tuesday,5,664287.4,1,Normal
65.0,42.0,30.6,88.0,135.4,13.9,0.0,8,Tuesday,6,1170835.4,0,Normal
25.0,27.0,27.0,74.1,110.0,27.4,0.1,5,Tuesday,7,500000.0,0,Maintenance
100.0,42.0,20.7,89.3,186.0,21.1,0.2,17,Tuesday,8,2054874.9,0,Normal
100.0,42.0,37.2,73.8,217.9,21.8,0.2,18,Tuesday,9,2000000.0,1,AI_Demand_High
79.7,42.0,28.6,78.4,145.1,27.5,0.2,15,Tuesday,10,1516223.8,0,Normal
65.2,42.0,22.8,86.8,139.1,17.2,0.2,17,Tuesday,11,1493895.0,0,Normal
70.0,42.0,28.0,85.8,131.5,27.4,0.2,18,Tuesday,12,1387467.9,0,Maintenance
48.5,38.3,31.6,94.6,110.0,32.3,0.2,22,Tuesday,13,804484.2,0,Normal
70.0,42.0,19.5,71.8,129.9,33.3,0.2,17,Tuesday,14,1281090.7,0,Maintenance
100.0,42.0,23.5,84.9,180.7,34.7,0.2,22,Tuesday,15,2081946.1,1,Normal
81.3,42.0,34.1,83.3,153.5,21.5,0.2,24,Tuesday,16,1566611.8,1,Normal
52.6,42.0,27.2,92.5,110.0,24.4,0.2,23,Tuesday,17,1020267.3,1,Normal
45.0,31.9,28.9,69.7,130.0,16.3,0.2,6,Tuesday,18,466711.6,1,AI_Demand_High
25.0,31.0,32.7,77.6,125.0,20.5,0.2,2,Tuesday,19,509527.9,0,Heatwave
66.4,36.8,18.9,82.0,135.0,11.5,0.2,5,Tuesday,20,1031915.5,0,Power_Spike
62.3,40.7,21.3,73.2,110.0,13.0,0.1,3,Tuesday,21,1105720.0,1,Normal
56.7,42.0,32.9,69.2,142.3,14.7,0.1,7,Tuesday,22,1068000.5,0,Heatwave
54.4,42.0,22.2,75.0,110.0,1.8,0.1,4,Tuesday,23,1133222.3,0,Normal
92.5,42.0,19.0,82.4,154.1,1.3,0.1,1,Wednesday,0,1628367.7,1,AI_Demand_High
25.0,27.7,34.9,91.7,110.0,10.1,0.1,6,Wednesday,1,500000.0,0,Maintenance
51.5,42.0,37.6,82.1,110.0,5.0,0.1,6,Wednesday,2,800522.1,0,Maintenance
25.0,27.0,33.9,84.0,110.0,0.8,0.0,7,Wednesday,3,672870.1,0,Normal
56.0,42.0,38.0,70.6,125.0,24.5,0.1,8,Wednesday,4,1163545.6,0,Heatwave
45.7,39.3,22.8,66.5,110.0,11.8,0.1,3,Wednesday,5,1048347.3,0,Normal
45.0,30.0,37.2,72.0,130.0,18.5,0.1,6,Wednesday,6,631218.8,1,AI_Demand_High
25.0,27.0,21.9,79.8,110.0,27.4,0.1,2,Wednesday,7,352135.7,1,Normal
100.0,42.0,37.0,74.3,214.9,19.7,0.2,24,Wednesday,8,2503035.6,1,Normal
99.9,42.0,37.9,70.5,156.8,20.2,0.2,20,Wednesday,9,1956039.8,1,Normal
95.4,42.0,32.2,80.1,183.9,30.7,0.2,13,Wednesday,10,1912982.5,1,Normal
47.7,42.0,37.6,74.7,110.0,21.3,0.2,14,Wednesday,11,896229.1,0,Normal
82.2,42.0,29.4,72.7,136.4,33.3,0.2,23,Wednesday,12,1481056.2,1,AI_Demand_High
86.5,42.0,29.2,68.9,170.0,33.6,0.2,24,Wednesday,13,1884476.1,0,Heatwave
88.6,42.0,26.7,69.0,142.8,27.5,0.2,21,Wednesday,14,1502114.6,1,AI_Demand_High
100.0,42.0,29.9,92.8,220.0,11.7,0.2,23,Wednesday,15,2288501.8,0,Power_Spike
85.4,42.0,19.5,91.0,170.7,28.2,0.2,23,Wednesday,16,1894409.4,1,Normal
77.2,42.0,36.4,76.2,162.9,17.0,0.2,13,Wednesday,17,1596367.5,1,Heatwave
29.1,32.3,37.6,68.2,110.0,26.1,0.2,9,Wednesday,18,401466.1,0,Normal
82.6,42.0,21.8,88.3,130.0,10.1,0.2,1,Wednesday,19,1380163.7,1,AI_Demand_High
60.3,42.0,33.9,89.2,110.0,4.1,0.2,5,Wednesday,20,1247691.9,0,Normal
43.5,34.0,36.2,88.0,110.0,8.6,0.1,1,Wednesday,21,912415.7,0,Normal
51.6,42.0,36.9,68.4,110.0,4.5,0.1,5,Wednesday,22,1070457.5,1,Normal
60.4,42.0,37.2,84.3,122.6,0.0,0.1,8,Wednesday,23,959031.5,1,Normal
27.6,28.3,28.4,90.0,110.0,8.8,0.1,8,Thursday,0,506006.2,0,Normal
59.8,42.0,37.5,82.3,121.5,0.0,0.1,8,Thursday,1,1144673.6,0,Normal
87.5,42.0,33.1,84.4,148.0,0.0,0.1,2,Thursday,2,1325429.0,0,Power_Spike
40.0,27.0,21.2,78.8,135.0,16.7,0.2,8,Thursday,3,369775.7,0,Power_Spike
65.8,42.0,27.5,80.9,132.1,8.6,0.2,5,Thursday,4,1346300.2,0,Normal
54.1,41.2,32.4,66.0,117.9,10.9,0.1,1,Thursday,5,1106555.1,0,Normal
74.1,42.0,22.9,84.2,130.0,6.9,0.2,7,Thursday,6,1307782.6,1,AI_Demand_High
63.4,42.0,30.8,67.4,129.1,30.9,0.1,6,Thursday,7,1271668.3,0,Normal
68.8,42.0,31.3,78.1,130.0,15.6,0.2,16,Thursday,8,1065576.7,1,AI_Demand_High
58.4,41.1,21.3,73.8,110.9,26.6,0.2,12,Thursday,9,1162675.8,1,Normal
59.7,42.0,29.3,81.4,133.5,34.6,0.2,12,Thursday,10,970975.2,0,Maintenance
38.5,41.7,38.0,65.0,125.0,34.6,0.2,17,Thursday,11,780305.5,1,Heatwave
100.0,42.0,34.0,75.7,188.8,27.6,0.2,21,Thursday,12,2110310.8,1,Heatwave
65.1,40.2,18.2,88.9,130.0,15.5,0.2,23,Thursday,13,1370453.8,1,AI_Demand_High
86.8,42.0,18.2,69.9,144.4,24.3,0.2,18,Thursday,14,1625261.3,0,Normal
86.8,42.0,25.1,68.1,176.7,27.4,0.2,21,Thursday,15,1694326.4,1,Normal
100.0,42.0,38.0,65.0,196.5,18.6,0.2,21,Thursday,16,2006202.9,0,Heatwave
41.6,27.0,22.6,91.3,135.0,17.6,0.2,12,Thursday,17,880421.1,0,Power_Spike
48.6,38.7,30.7,80.8,110.0,21.6,0.2,9,Thursday,18,720667.5,0,Normal
67.8,36.1,22.4,79.0,135.0,20.4,0.2,4,Thursday,19,1072925.7,0,Power_Spike
61.6,42.0,24.4,68.2,113.3,4.3,0.2,5,Thursday,20,1098042.4,0,Normal
25.0,29.7,35.0,84.5,110.0,21.9,0.1,2,Thursday,21,473630.5,0,Normal
42.7,27.0,32.6,91.0,135.0,9.3,0.2,8,Thursday,22,481339.6,1,Power_Spike
33.5,30.0,19.9,89.8,110.0,2.3,0.1,2,Thursday,23,797185.2,1,Normal
26.8,32.5,32.6,73.8,125.0,6.5,0.1,3,Friday,0,611542.4,0,Heatwave
70.4,42.0,18.6,67.3,112.9,17.1,0.1,9,Friday,1,1178093.7,0,Normal
30.6,28.2,27.6,68.4,110.0,0.0,0.1,2,Friday,2,634701.2,1,Normal
34.4,37.0,37.2,65.0,125.0,7.4,0.1,6,Friday,3,662506.6,0,Heatwave
46.0,35.5,26.4,65.0,125.0,0.0,0.1,4,Friday,4,815515.4,0,Heatwave
39.4,31.5,23.8,69.1,110.0,15.7,0.1,7,Friday,5,728876.4,0,Normal
27.2,27.0,26.0,72.8,110.0,19.7,0.1,6,Friday,6,526934.8,0,Normal
44.7,41.6,36.4,76.6,110.0,20.2,0.1,9,Friday,7,850498.6,0,Normal
95.0,42.0,37.9,93.3,173.9,14.7,0.2,20,Friday,8,1612555.1,0,Normal
85.4,42.0,18.9,83.3,156.6,14.0,0.2,21,Friday,9,1578958.7,1,AI_Demand_High
58.1,36.6,33.2,90.0,130.0,25.6,0.2,15,Friday,10,884855.4,1,AI_Demand_High
48.2,36.4,25.4,86.3,110.0,34.4,0.2,12,Friday,11,837662.8,1,Normal
52.4,37.9,25.8,68.4,110.0,31.5,0.2,13,Friday,12,915019.3,0,Normal
100.0,42.0,33.1,87.1,182.7,28.3,0.2,19,Friday,13,2000000.0,1,AI_Demand_High
59.4,42.0,38.0,65.0,125.9,19.8,0.2,21,Friday,14,1112295.6,1,Heatwave
26.3,31.0,38.0,74.2,125.0,29.0,0.2,19,Friday,15,662265.5,1,Heatwave
86.4,42.0,29.5,75.2,164.5,21.0,0.2,13,Friday,16,1231822.8,1,Power_Spike
81.9,42.0,25.1,94.9,150.8,11.8,0.2,15,Friday,17,1774843.2,1,Normal
25.0,27.0,33.8,72.9,110.0,12.9,0.2,1,Friday,18,405146.7,0,Normal
45.0,30.0,23.0,73.4,130.0,12.2,0.2,7,Friday,19,580839.0,1,AI_Demand_High
25.0,29.8,29.3,92.9,110.0,11.6,0.2,4,Friday,20,500000.0,0,Maintenance
27.4,27.0,25.2,65.7,110.0,0.9,0.1,8,Friday,21,508554.9,1,Normal
30.1,27.0,31.1,85.9,110.0,2.3,0.0,9,Friday,22,564244.1,0,Normal
46.8,38.0,22.8,86.8,110.0,2.1,0.1,9,Friday,23,884884.7,1,Normal
69.4,39.8,21.8,90.1,135.0,0.0,0.1,3,Saturday,0,893665.5,0,Power_Spike
61.2,42.0,36.4,94.2,114.3,13.1,0.1,5,Saturday,1,1168823.6,0,Normal
65.2,42.0,20.0,94.3,118.2,0.0,0.1,6,Saturday,2,1333834.6,0,Normal
60.3,34.0,28.1,67.0,130.0,4.7,0.1,6,Saturday,3,827368.9,1,AI_Demand_High
72.5,42.0,22.4,89.7,149.1,3.5,0.1,8,Saturday,4,1307105.1,0,Normal
48.9,37.3,18.8,84.4,110.0,25.4,0.1,6,Saturday,5,1125373.9,0,Normal
31.2,27.0,18.7,84.4,110.0,20.8,0.1,6,Saturday,6,552153.0,0,Normal
52.9,38.9,21.5,68.9,123.6,14.8,0.1,4,Saturday,7,973431.9,1,Normal
66.3,42.0,35.3,84.5,133.9,30.0,0.2,18,Saturday,8,1361538.1,0,Normal
100.0,42.0,23.6,94.5,187.1,22.2,0.2,19,Saturday,9,2000000.0,1,AI_Demand_High
93.9,42.0,37.0,92.4,156.9,24.9,0.2,14,Saturday,10,1794653.6,1,AI_Demand_High
61.4,42.0,29.6,78.2,123.6,30.0,0.2,18,Saturday,11,1213386.2,0,Normal
78.3,42.0,26.7,66.2,169.8,30.5,0.2,14,Saturday,12,1587010.1,1,Normal
100.0,42.0,35.6,65.9,185.7,34.1,0.2,19,Saturday,13,2497229.8,1,Heatwave
83.6,42.0,28.3,89.8,169.5,20.1,0.2,12,Saturday,14,1803392.5,1,Normal
41.5,37.4,33.2,86.0,110.0,31.9,0.2,12,Saturday,15,1003557.1,0,Normal
74.5,42.0,23.6,78.8,130.0,15.7,0.2,17,Saturday,16,1078321.9,1,AI_Demand_High
100.0,42.0,25.1,66.7,180.7,29.6,0.2,21,Saturday,17,2408503.5,1,Normal
25.0,31.0,35.9,77.8,110.0,16.8,0.2,9,Saturday,18,356678.0,0,Normal
55.2,42.0,36.9,79.1,110.0,16.4,0.2,4,Saturday,19,1362482.1,0,Normal
33.0,33.2,35.9,92.9,110.0,14.3,0.2,6,Saturday,20,736365.7,0,Normal
48.1,35.0,26.4,84.2,110.0,5.0,0.1,5,Saturday,21,1120396.9,0,Normal
34.0,28.4,33.6,74.3,110.0,11.0,0.0,1,Saturday,22,482125.7,1,Normal
73.1,42.0,27.5,80.8,132.0,0.0,0.1,6,Saturday,23,1340431.4,0,Normal
25.0,33.4,28.0,67.0,110.0,0.0,0.1,9,Sunday,0,500000.0,0,Maintenance
32.7,28.2,22.1,94.2,110.0,0.0,0.1,3,Sunday,1,384380.5,1,Normal
72.5,42.0,29.8,75.8,143.4,0.0,0.1,3,Sunday,2,1331208.9,0,Normal
41.6,34.3,27.7,69.3,125.0,7.5,0.1,2,Sunday,3,870508.1,1,Heatwave
65.9,35.6,24.6,75.7,130.0,14.0,0.1,4,Sunday,4,1462051.9,1,AI_Demand_High
56.5,42.0,35.1,85.5,115.9,15.9,0.1,3,Sunday,5,855222.9,0,Normal
51.1,39.5,22.1,84.9,119.0,18.9,0.1,2,Sunday,6,1188403.3,0,Normal
26.4,27.0,19.4,86.5,110.0,12.3,0.1,1,Sunday,7,725358.2,0,Normal
70.0,42.0,19.4,73.0,143.6,25.5,0.2,14,Sunday,8,1133105.2,0,Maintenance
70.1,42.0,36.8,74.5,130.2,27.0,0.2,21,Sunday,9,1109971.2,0,Normal
100.0,42.0,28.1,68.8,182.0,34.8,0.2,17,Sunday,10,2018348.8,0,Normal
83.1,42.0,26.2,84.7,176.6,36.7,0.2,20,Sunday,11,1593732.4,0,Normal
93.8,42.0,34.2,66.2,171.8,35.2,0.2,22,Sunday,12,1803716.2,1,Normal
100.0,42.0,34.7,82.9,183.8,26.7,0.2,16,Sunday,13,2475629.0,1,Normal
53.4,40.8,24.6,91.1,110.0,19.4,0.2,14,Sunday,14,976939.6,1,Normal
81.1,42.0,31.9,91.7,168.0,17.7,0.2,16,Sunday,15,1288393.6,1,Power_Spike
100.0,42.0,38.0,68.5,220.0,21.4,0.2,16,Sunday,16,2062944.0,1,Heatwave
64.9,42.0,31.1,78.8,133.3,22.0,0.2,16,Sunday,17,1306498.7,0,Normal
25.0,27.0,21.0,67.3,110.0,21.8,0.2,7,Sunday,18,582115.1,1,Normal
37.1,37.9,35.5,85.1,110.0,11.4,0.2,5,Sunday,19,775091.8,0,Normal
25.0,27.0,28.8,89.6,110.0,9.4,0.2,7,Sunday,20,456285.2,0,Normal
45.0,30.4,23.6,72.3,130.0,9.6,0.1,9,Sunday,21,511509.6,1,AI_Demand_High
66.7,38.8,26.5,77.6,130.0,2.7,0.1,5,Sunday,22,1262966.0,1,AI_Demand_High
39.8,33.6,18.8,90.2,110.0,0.0,0.1,2,Sunday,23,927448.2,0,Normal
64.6,42.0,20.6,91.3,118.8,0.0,0.1,5,Monday,0,1269865.1,0,Normal
49.2,40.3,33.3,72.3,110.0,0.0,0.1,8,Monday,1,817264.7,0,Normal
37.6,35.8,18.0,81.5,110.0,8.7,0.1,4,Monday,2,579217.8,0,Maintenance
25.0,27.0,26.3,70.8,110.0,4.5,0.1,2,Monday,3,500000.0,0,Maintenance
45.9,29.6,28.5,68.1,135.0,10.2,0.1,3,Monday,4,736146.6,0,Power_Spike
57.4,31.4,19.1,92.3,135.0,14.5,0.2,9,Monday,5,734747.3,0,Power_Spike
33.1,31.9,37.5,89.6,110.0,17.1,0.1,9,Monday,6,779069.2,0,Normal
38.5,34.0,28.5,77.8,125.0,9.9,0.1,8,Monday,7,797211.1,0,Heatwave
70.0,42.0,24.1,66.5,146.0,29.3,0.2,19,Monday,8,1471136.9,0,Maintenance
100.0,42.0,30.1,80.3,191.2,27.8,0.2,19,Monday,9,2283378.5,0,Heatwave
37.4,31.0,22.6,78.1,110.0,22.4,0.2,19,Monday,10,735738.9,1,Normal
57.0,40.4,24.0,65.3,138.3,27.1,0.2,19,Monday,11,1300426.4,1,Heatwave
29.1,31.0,38.0,71.4,125.0,42.1,0.2,12,Monday,12,654247.1,0,Heatwave
39.8,36.8,38.0,65.0,125.0,31.2,0.2,17,Monday,13,757568.5,1,Heatwave
76.6,42.0,28.5,77.7,163.5,10.0,0.2,23,Monday,14,1722428.5,1,Heatwave
31.8,34.3,31.3,82.5,110.0,17.9,0.2,20,Monday,15,512587.9,0,Maintenance
67.2,42.0,38.0,65.0,140.7,21.8,0.2,19,Monday,16,1346313.8,0,Heatwave
44.4,42.0,38.0,65.0,125.0,13.4,0.2,14,Monday,17,820929.2,1,Heatwave
26.2,30.1,26.5,70.5,110.0,15.0,0.2,1,Monday,18,500000.0,0,Maintenance
56.9,41.7,24.1,66.7,110.0,14.8,0.2,2,Monday,19,974626.1,0,Normal
57.1,42.0,24.5,82.6,112.6,20.4,0.2,2,Monday,20,1126487.6,1,Normal
59.3,42.0,32.3,90.2,117.2,5.3,0.1,7,Monday,21,1238112.4,1,Normal
62.8,42.0,38.0,65.0,141.1,12.3,0.1,6,Monday,22,1240797.6,0,Heatwave
38.8,31.2,27.6,65.0,125.0,11.5,0.1,2,Monday,23,711739.7,0,Heatwave
66.9,42.0,25.4,82.2,130.0,8.6,0.1,8,Tuesday,0,1117919.9,1,AI_Demand_High
37.5,39.7,36.0,89.6,110.0,4.0,0.1,9,Tuesday,1,744130.8,0,Normal
32.3,27.4,34.1,74.8,110.0,0.0,0.1,7,Tuesday,2,730223.2,0,Normal
37.7,33.5,37.7,75.5,110.0,11.5,0.1,4,Tuesday,3,833766.5,1,Normal
38.3,33.8,33.1,82.9,110.0,18.0,0.1,1,Tuesday,4,933608.9,0,Normal
79.2,42.0,25.9,73.2,159.3,14.1,0.1,4,Tuesday,5,1074484.6,0,Power_Spike
50.7,41.4,29.8,65.8,110.0,28.0,0.1,4,Tuesday,6,1164049.6,0,Normal
43.8,39.0,37.2,77.1,125.0,21.5,0.1,8,Tuesday,7,958631.8,0,Heatwave
25.0,32.0,19.6,83.8,110.0,26.7,0.2,15,Tuesday,8,500000.0,0,Maintenance
100.0,42.0,28.9,82.4,176.1,32.8,0.2,15,Tuesday,9,2036490.3,1,Normal
55.3,36.0,32.2,87.3,130.0,25.3,0.2,24,Tuesday,10,890198.4,1,AI_Demand_High
52.8,40.4,21.3,85.3,110.0,10.7,0.2,13,Tuesday,11,905556.6,1,Normal
54.5,42.0,33.6,71.2,110.0,32.0,0.2,23,Tuesday,12,1170744.9,1,Normal
100.0,42.0,29.7,75.6,196.7,39.3,0.2,21,Tuesday,13,2000000.0,1,AI_Demand_High
51.5,33.3,37.0,68.8,130.0,24.3,0.2,18,Tuesday,14,875902.6,1,AI_Demand_High
100.0,42.0,18.8,68.9,184.2,24.9,0.2,15,Tuesday,15,2412190.3,1,Normal
100.0,42.0,23.3,85.3,181.8,12.4,0.2,22,Tuesday,16,2230612.8,1,Normal
78.3,42.0,30.0,90.8,147.9,27.0,0.2,17,Tuesday,17,1528163.0,0,Normal
45.8,31.0,23.9,93.9,110.0,24.1,0.2,3,Tuesday,18,839052.2,0,Normal
62.3,37.4,32.3,83.9,130.0,9.3,0.2,7,Tuesday,19,955201.0,1,AI_Demand_High
30.9,34.3,38.0,65.0,125.0,12.6,0.2,6,Tuesday,20,640197.6,0,Heatwave
59.9,41.1,20.1,68.2,120.7,4.7,0.1,3,Tuesday,21,1214301.9,0,Normal
69.2,42.0,28.3,89.4,130.0,8.4,0.1,4,Tuesday,22,1174588.8,1,AI_Demand_High
38.8,29.4,28.2,82.4,110.0,6.0,0.1,5,Tuesday,23,794315.2,0,Normal
66.2,42.0,25.4,83.5,117.3,4.9,-0.0,9,Wednesday,0,1208624.9,1,Normal
84.6,42.0,36.7,88.4,143.2,4.3,0.1,6,Wednesday,1,1233137.6,1,AI_Demand_High
70.0,42.0,34.6,86.1,135.0,22.3,0.1,4,Wednesday,2,1167429.2,0,Power_Spike
40.0,27.0,31.9,90.0,135.0,0.8,0.2,7,Wednesday,3,396363.8,0,Power_Spike
25.0,32.0,38.0,65.0,125.0,1.4,0.1,2,Wednesday,4,474846.4,0,Heatwave
87.5,42.0,27.2,87.4,185.0,9.3,0.2,4,Wednesday,5,1139624.5,0,Power_Spike
27.0,30.1,36.4,90.5,110.0,4.6,0.1,5,Wednesday,6,636996.5,0,Normal
34.2,35.5,37.9,65.0,125.0,11.5,0.1,4,Wednesday,7,486502.8,0,Heatwave
92.9,42.0,32.6,84.2,156.2,17.3,0.2,15,Wednesday,8,1507197.1,1,AI_Demand_High
100.0,42.0,35.2,74.4,163.9,20.7,0.2,22,Wednesday,9,2090060.7,0,Normal
54.3,32.9,23.5,93.7,135.0,17.6,0.2,24,Wednesday,10,717514.2,0,Power_Spike
69.9,42.0,34.1,66.0,141.5,35.2,0.2,20,Wednesday,11,1203179.9,1,Normal
84.9,42.0,21.9,82.4,153.9,32.0,0.2,22,Wednesday,12,1742689.0,0,Normal
46.6,32.7,24.9,70.0,135.0,31.0,0.2,24,Wednesday,13,657131.8,1,Power_Spike
100.0,42.0,24.7,86.4,172.3,28.7,0.2,13,Wednesday,14,2194377.9,1,Normal
83.2,42.0,38.0,65.0,177.0,21.7,0.2,17,Wednesday,15,1785331.6,1,Heatwave
96.2,42.0,35.1,72.1,175.8,21.7,0.2,19,Wednesday,16,2001295.4,1,Normal
59.5,35.7,32.0,79.8,130.0,22.6,0.2,19,Wednesday,17,1123487.0,1,AI_Demand_High
41.0,34.4,32.5,92.4,110.0,2.4,0.2,7,Wednesday,18,816543.0,0,Normal
61.8,42.0,29.2,71.4,110.0,0.3,0.2,4,Wednesday,19,1328759.6,1,Normal
30.2,33.7,36.9,69.3,110.0,13.7,0.2,7,Wednesday,20,575897.0,0,Normal
45.0,30.0,27.9,87.8,130.0,10.0,0.1,6,Wednesday,21,586131.0,1,AI_Demand_High
25.0,27.0,25.6,80.0,110.0,18.2,0.1,6,Wednesday,22,500000.0,0,Maintenance
35.0,35.0,21.3,92.4,110.0,3.3,0.1,2,Wednesday,23,540747.5,0,Maintenance
45.4,37.2,33.7,69.4,110.0,4.9,0.1,8,Thursday,0,1146849.2,0,Normal
61.8,42.0,32.7,84.4,122.5,1.7,0.1,8,Thursday,1,1190835.1,0,Normal
44.0,35.8,25.7,72.0,110.0,7.6,0.2,7,Thursday,2,732183.9,0,Normal
59.2,42.0,24.5,65.0,141.4,18.8,0.1,9,Thursday,3,1329426.7,0,Heatwave
59.5,42.0,34.8,85.5,119.5,0.0,0.1,8,Thursday,4,988824.2,0,Normal
71.1,41.4,18.2,82.8,130.0,17.1,0.1,9,Thursday,5,1167150.6,1,AI_Demand_High
46.9,31.2,32.1,87.6,135.0,26.8,0.1,9,Thursday,6,723545.2,0,Power_Spike
50.1,42.0,37.4,74.3,112.5,22.1,0.1,6,Thursday,7,1008852.6,1,Normal
38.3,33.1,26.8,78.4,110.0,33.2,0.2,13,Thursday,8,699532.6,1,Normal
52.8,32.8,22.7,77.2,135.0,22.5,0.2,23,Thursday,9,746798.0,1,Power_Spike
100.0,42.0,32.1,94.5,184.0,23.1,0.2,18,Thursday,10,2487360.2,0,Normal
100.0,42.0,34.3,73.8,177.6,32.3,0.2,14,Thursday,11,2130057.8,0,Normal
45.2,38.0,28.9,73.8,110.0,21.7,0.2,24,Thursday,12,882970.4,0,Normal
100.0,42.0,38.0,65.6,194.5,25.1,0.2,18,Thursday,13,2214254.9,1,Heatwave
60.7,38.7,19.0,81.9,135.0,22.6,0.2,20,Thursday,14,928128.5,0,Power_Spike
42.2,36.9,28.1,72.6,110.0,31.2,0.2,21,Thursday,15,951489.5,0,Normal
75.4,42.0,32.4,92.5,136.6,23.9,0.2,21,Thursday,16,1596337.6,0,Normal
53.4,40.6,35.3,73.0,110.0,22.4,0.2,13,Thursday,17,920561.2,0,Normal
27.6,27.3,21.6,91.9,110.0,18.9,0.2,6,Thursday,18,500000.0,0,Maintenance
39.6,36.3,34.0,68.1,110.0,13.6,0.2,6,Thursday,19,718081.0,0,Normal
57.6,42.0,29.1,84.7,138.9,18.9,0.2,9,Thursday,20,1282677.9,1,Normal
78.5,42.0,25.9,92.2,148.6,7.1,0.1,9,Thursday,21,1450159.2,1,AI_Demand_High
46.1,30.0,20.6,70.1,130.0,6.2,0.1,5,Thursday,22,452828.0,1,AI_Demand_High
63.5,42.0,35.3,94.0,130.0,0.7,0.1,5,Thursday,23,1023301.4,1,AI_Demand_High
58.8,34.6,21.1,78.6,135.0,4.1,0.2,9,Friday,0,598674.3,0,Power_Spike
64.3,42.0,24.2,93.4,118.1,0.0,0.2,8,Friday,1,1237954.2,1,Normal
46.8,35.3,23.8,85.3,110.0,10.5,0.1,7,Friday,2,913847.9,1,Normal
33.8,30.9,35.4,74.0,110.0,2.0,0.1,8,Friday,3,712119.1,0,Normal
62.5,42.0,31.5,70.6,138.2,5.1,0.1,6,Friday,4,1234175.6,0,Normal
58.0,36.7,33.9,74.1,130.0,18.7,0.1,3,Friday,5,934399.2,1,AI_Demand_High
84.5,42.0,23.0,67.8,153.6,17.0,0.1,7,Friday,6,1305789.1,1,Power_Spike
49.0,42.0,30.5,69.3,110.0,17.7,0.0,8,Friday,7,771826.4,0,Maintenance
97.8,42.0,29.4,68.1,171.4,28.7,0.2,19,Friday,8,2049932.3,1,Normal
100.0,42.0,34.7,77.7,198.3,22.6,0.2,12,Friday,9,2000000.0,1,AI_Demand_High
100.0,42.0,36.1,88.9,220.0,22.1,0.2,18,Friday,10,2579382.0,0,Power_Spike
45.8,37.9,18.2,69.2,110.0,40.5,0.2,14,Friday,11,854755.2,0,Normal
100.0,42.0,31.5,68.9,208.9,44.2,0.2,13,Friday,12,2000000.0,1,AI_Demand_High
64.6,42.0,19.0,84.3,124.0,41.5,0.2,13,Friday,13,1550172.0,0,Normal
60.5,42.0,29.0,70.9,122.1,27.5,0.2,19,Friday,14,1162902.0,1,Normal
56.8,42.0,23.8,67.9,127.4,33.6,0.2,20,Friday,15,793979.9,0,Maintenance
70.0,42.0,24.1,70.0,145.4,17.6,0.2,14,Friday,16,1338134.5,0,Maintenance
85.9,42.0,25.1,92.7,160.3,10.9,0.2,14,Friday,17,1618108.7,1,Normal
25.0,27.0,30.4,89.6,110.0,0.0,0.2,6,Friday,18,363909.0,0,Normal
70.2,42.0,24.7,75.6,132.7,24.6,0.2,1,Friday,19,1219748.9,1,AI_Demand_High
46.8,42.0,32.7,84.7,110.0,6.5,0.2,6,Friday,20,735744.2,0,Maintenance
25.0,27.0,26.1,81.1,110.0,8.0,0.1,3,Friday,21,500000.0,0,Maintenance
64.0,42.0,19.4,85.3,111.2,0.0,0.1,4,Friday,22,1248277.1,0,Normal
25.0,27.7,33.7,85.5,110.0,6.5,0.1,9,Friday,23,368753.0,0,Normal
41.9,31.6,23.7,83.9,110.0,0.0,0.1,3,Saturday,0,918204.7,0,Normal
39.1,31.9,26.7,73.0,110.0,0.0,0.1,1,Saturday,1,663841.5,0,Normal
42.7,36.2,31.7,66.2,110.0,8.5,0.0,3,Saturday,2,874351.8,0,Normal
52.7,38.9,24.6,78.7,123.3,0.1,0.2,7,Saturday,3,1144334.8,0,Normal
39.2,33.6,25.1,81.7,125.0,4.3,0.1,7,Saturday,4,720325.2,0,Heatwave
39.8,29.6,25.5,82.1,110.0,1.9,0.1,5,Saturday,5,903098.7,1,Normal
55.4,35.4,36.9,90.0,135.0,5.5,0.2,1,Saturday,6,803774.3,0,Power_Spike
55.2,39.8,30.8,94.7,110.0,17.4,0.1,8,Saturday,7,1105251.7,0,Normal
85.2,42.0,31.4,69.9,158.4,11.5,0.2,21,Saturday,8,1574470.3,1,Normal
64.7,42.0,30.6,85.8,123.6,12.1,0.2,19,Saturday,9,1236319.5,0,Normal
100.0,42.0,22.0,85.2,188.7,23.3,0.2,21,Saturday,10,2541380.4,0,Normal
47.6,40.4,26.4,94.4,110.0,22.4,0.2,23,Saturday,11,853504.6,1,Normal
100.0,42.0,33.0,94.6,200.2,40.0,0.2,21,Saturday,12,2000000.0,1,AI_Demand_High
70.7,32.4,20.0,85.6,135.0,36.7,0.2,24,Saturday,13,1046580.6,1,Power_Spike
88.9,42.0,23.6,72.3,155.0,24.0,0.2,21,Saturday,14,1776646.3,1,Normal
96.8,42.0,23.5,89.0,184.6,24.3,0.2,13,Saturday,15,2093266.5,1,Normal
100.0,42.0,32.6,65.0,219.6,27.8,0.2,21,Saturday,16,2439788.0,1,Heatwave
94.8,42.0,37.6,88.4,175.4,12.7,0.2,14,Saturday,17,1631753.5,0,Power_Spike
25.0,27.0,19.4,92.3,110.0,5.0,0.2,4,Saturday,18,553112.0,0,Normal
25.0,31.0,34.4,66.5,125.0,14.5,0.2,1,Saturday,19,499744.0,0,Heatwave
78.0,41.3,21.6,83.9,138.8,10.6,0.2,4,Saturday,20,1253966.0,1,Power_Spike
85.6,42.0,37.4,77.9,166.3,6.1,0.1,5,Saturday,21,1347878.7,1,Power_Spike
55.0,29.5,20.3,78.1,135.0,8.5,0.2,3,Saturday,22,807788.1,0,Power_Spike
91.7,42.0,26.1,74.3,169.1,0.0,0.1,2,Saturday,23,1650173.3,1,AI_Demand_High
66.6,42.0,32.8,87.9,130.0,0.0,0.1,6,Sunday,0,1109683.7,1,AI_Demand_High
25.0,27.0,32.1,93.1,110.0,3.0,0.1,8,Sunday,1,439703.6,0,Normal
61.0,42.0,32.5,83.2,127.2,7.0,0.0,7,Sunday,2,1332881.2,0,Heatwave
75.1,42.0,24.9,70.2,153.6,1.7,0.2,1,Sunday,3,1218903.0,0,Power_Spike
25.1,32.3,26.0,91.2,110.0,14.9,0.1,4,Sunday,4,517397.6,0,Maintenance
51.0,30.0,23.3,87.1,130.0,1.0,0.1,3,Sunday,5,658455.8,1,AI_Demand_High
35.8,28.3,22.1,72.6,110.0,14.0,0.1,6,Sunday,6,531822.9,0,Normal
46.4,35.9,27.7,67.0,110.0,18.9,0.1,9,Sunday,7,780955.0,1,Normal
58.8,42.0,23.4,73.0,127.4,19.5,0.2,20,Sunday,8,1200641.0,1,Normal
59.4,40.9,23.7,92.4,110.1,17.6,0.2,18,Sunday,9,1008783.1,0,Normal
100.0,42.0,31.1,84.0,150.0,40.4,0.2,23,Sunday,10,1985765.6,1,Normal
50.4,42.0,37.4,86.6,124.4,20.6,0.2,20,Sunday,11,887915.3,0,Maintenance
84.6,42.0,30.1,72.7,168.5,49.6,0.2,19,Sunday,12,1765605.4,0,Normal
25.0,27.0,19.5,86.6,110.0,28.3,0.2,16,Sunday,13,500000.0,0,Maintenance
25.0,27.3,19.5,65.8,110.0,29.7,0.2,20,Sunday,14,500000.0,0,Maintenance
50.4,42.0,37.0,76.3,123.4,29.1,0.2,18,Sunday,15,986978.2,0,Normal
96.5,42.0,23.9,83.8,195.8,38.5,0.2,16,Sunday,16,1911312.0,1,Normal
65.1,42.0,25.8,65.0,154.4,14.5,0.2,19,Sunday,17,1301440.4,0,Heatwave
57.3,38.6,30.0,89.7,135.0,7.3,0.2,7,Sunday,18,794094.7,0,Power_Spike
94.2,42.0,30.5,72.1,163.8,10.1,0.2,9,Sunday,19,1610344.7,1,AI_Demand_High
85.2,42.0,31.0,84.6,146.7,11.9,0.2,1,Sunday,20,1426937.4,1,AI_Demand_High
71.3,36.5,23.3,77.2,130.0,0.0,0.1,9,Sunday,21,1445705.5,1,AI_Demand_High
25.0,31.0,24.3,72.9,125.0,6.0,0.1,7,Sunday,22,458903.2,0,Heatwave
75.5,42.0,37.3,68.2,130.0,13.1,0.1,1,Sunday,23,1196679.1,1,AI_Demand_High
54.6,29.2,23.0,65.5,135.0,0.9,0.1,1,Monday,0,955703.7,0,Power_Spike
67.2,42.0,31.5,92.3,130.0,0.6,0.1,5,Monday,1,1164314.8,1,AI_Demand_High
43.0,39.9,32.1,73.1,110.0,2.1,0.1,8,Monday,2,999935.3,0,Normal
63.8,33.9,30.2,89.6,130.0,12.4,0.1,9,Monday,3,1310063.2,1,AI_Demand_High
39.8,33.1,24.3,95.0,110.0,4.4,0.1,6,Monday,4,732014.5,1,Normal
50.6,27.0,23.4,71.3,135.0,25.7,0.1,8,Monday,5,621630.1,1,Power_Spike
60.8,42.0,30.0,73.0,121.3,29.1,0.1,6,Monday,6,1284275.3,1,Normal
25.0,32.1,35.3,84.9,110.0,22.0,0.1,6,Monday,7,396342.1,0,Normal
88.1,42.0,36.9,94.0,159.1,18.6,0.2,15,Monday,8,1827264.4,0,Normal
45.3,30.3,20.1,92.5,110.0,27.2,0.2,22,Monday,9,859007.5,1,Normal
92.4,42.0,21.1,80.1,180.2,35.7,0.2,16,Monday,10,2025286.9,0,Normal
85.7,42.0,36.9,88.9,170.7,20.8,0.2,13,Monday,11,1391929.5,0,Power_Spike
100.0,42.0,32.7,69.1,163.2,31.8,0.2,14,Monday,12,2433923.7,1,Normal
59.6,42.0,35.7,94.3,135.4,17.7,0.2,14,Monday,13,1123417.1,1,Normal
100.0,42.0,22.1,93.9,214.0,25.8,0.2,23,Monday,14,2464000.5,0,Normal
71.3,42.0,35.8,65.0,153.7,30.2,0.2,22,Monday,15,1543465.3,0,Heatwave
100.0,42.0,32.0,74.0,176.3,15.2,0.2,16,Monday,16,2397235.1,1,Normal
58.9,42.0,31.6,68.0,152.1,17.7,0.2,16,Monday,17,1196742.3,1,Normal
58.5,42.0,26.2,73.2,110.0,9.4,0.2,6,Monday,18,1172914.4,0,Normal
27.7,33.3,18.3,89.5,110.0,6.3,0.2,5,Monday,19,542332.1,0,Maintenance
32.3,31.5,29.7,76.3,110.0,15.0,0.2,6,Monday,20,698293.4,1,Normal
25.6,27.0,23.1,67.7,110.0,4.3,0.1,8,Monday,21,618753.8,0,Normal
27.6,27.0,27.0,75.3,110.0,4.0,0.1,2,Monday,22,572199.6,0,Normal
95.6,42.0,37.2,94.4,159.0,0.0,0.1,4,Monday,23,1568920.9,1,AI_Demand_High
45.8,36.6,26.0,83.9,110.0,1.1,-0.0,6,Tuesday,0,1080024.4,0,Normal
32.0,39.3,38.0,67.5,125.0,2.7,0.1,5,Tuesday,1,833634.9,0,Heatwave
29.2,27.1,21.8,70.0,110.0,1.5,0.1,1,Tuesday,2,407990.8,0,Normal
58.7,42.0,31.4,94.6,118.5,5.9,0.1,9,Tuesday,3,1199797.9,0,Normal
25.0,32.3,37.5,89.6,110.0,10.4,0.1,3,Tuesday,4,435681.4,0,Normal
64.6,42.0,20.0,73.4,110.0,9.7,0.1,2,Tuesday,5,1166611.6,0,Normal
29.2,27.0,18.2,67.1,110.0,8.6,0.1,9,Tuesday,6,657062.7,1,Normal
42.4,37.9,26.7,66.7,110.0,31.3,0.1,7,Tuesday,7,629250.3,0,Normal
74.3,42.0,19.9,68.6,127.7,19.5,0.2,16,Tuesday,8,1404605.8,1,Normal
46.8,42.0,33.0,82.4,110.0,25.7,0.2,23,Tuesday,9,837482.1,0,Maintenance
95.6,42.0,36.3,92.9,165.7,29.4,0.2,17,Tuesday,10,1503147.4,1,AI_Demand_High
66.3,42.0,26.7,79.9,110.0,53.3,0.2,23,Tuesday,11,1397861.4,1,Normal
100.0,42.0,29.2,80.3,203.0,20.5,0.2,22,Tuesday,12,1941128.8,1,Heatwave
100.0,42.0,26.7,78.4,191.4,34.8,0.2,15,Tuesday,13,2000000.0,1,AI_Demand_High
100.0,42.0,32.5,86.3,220.0,19.1,0.2,12,Tuesday,14,1927963.7,0,Power_Spike
72.9,42.0,18.2,87.0,147.0,17.8,0.2,15,Tuesday,15,1271409.1,0,Normal
61.3,42.0,29.8,70.2,127.5,19.0,0.2,20,Tuesday,16,1048766.9,0,Maintenance
100.0,42.0,30.3,75.8,175.1,13.7,0.2,12,Tuesday,17,2555260.5,0,Normal
68.1,42.0,36.8,74.1,146.7,17.3,0.2,3,Tuesday,18,1307103.0,0,Heatwave
58.0,38.1,22.8,67.1,116.5,5.7,0.2,5,Tuesday,19,1242312.4,1,Normal
72.2,42.0,32.3,75.8,139.2,17.3,0.2,7,Tuesday,20,1202278.0,0,Normal
36.7,27.0,19.8,81.0,110.0,9.1,0.1,9,Tuesday,21,717712.1,0,Normal
54.2,33.4,22.0,94.9,110.0,7.2,0.1,6,Tuesday,22,1127272.3,0,Normal
25.0,31.1,35.5,79.2,110.0,0.1,0.1,3,Tuesday,23,500000.0,0,Maintenance
25.0,29.4,32.8,89.5,110.0,0.0,0.1,7,Wednesday,0,428971.2,1,Normal
52.9,40.8,24.3,68.0,125.0,4.6,0.1,4,Wednesday,1,1174147.8,0,Heatwave
34.7,29.0,23.0,88.9,110.0,0.0,0.1,3,Wednesday,2,550183.9,0,Normal
25.0,27.0,22.3,82.9,110.0,6.6,0.1,7,Wednesday,3,444661.0,0,Normal
39.5,35.8,29.4,81.6,125.0,4.2,0.1,7,Wednesday,4,914718.7,0,Heatwave
50.1,31.2,23.0,77.3,130.0,9.2,0.1,4,Wednesday,5,646055.8,1,AI_Demand_High
73.0,42.0,19.3,83.1,141.9,4.8,0.1,7,Wednesday,6,1318235.8,0,Normal
57.0,42.0,27.2,83.9,110.0,28.5,0.1,2,Wednesday,7,1052945.6,0,Normal
68.3,42.0,32.7,77.5,130.0,19.2,0.2,12,Wednesday,8,1016271.4,1,AI_Demand_High
84.0,42.0,30.1,69.3,163.2,33.2,0.2,23,Wednesday,9,1771005.6,0,Normal
100.0,42.0,31.5,67.8,207.1,35.6,0.2,13,Wednesday,10,2000000.0,1,AI_Demand_High
59.1,42.0,25.6,65.0,127.3,24.4,0.2,15,Wednesday,11,1002099.8,1,Heatwave
30.6,29.7,37.0,91.2,110.0,21.5,0.2,19,Wednesday,12,650525.2,0,Normal
93.3,42.0,34.8,72.1,170.1,47.4,0.2,14,Wednesday,13,1895981.1,1,Normal
86.2,42.0,34.1,71.3,168.6,39.7,0.2,21,Wednesday,14,1564271.8,0,Normal
100.0,42.0,34.5,87.1,161.1,20.8,0.2,17,Wednesday,15,2370527.9,0,Normal
100.0,42.0,36.7,74.6,169.6,24.9,0.2,17,Wednesday,16,1896117.6,1,AI_Demand_High
70.0,42.0,28.9,80.2,163.7,16.6,0.2,24,Wednesday,17,1079967.7,0,Maintenance
25.0,27.5,22.0,69.9,110.0,20.1,0.2,9,Wednesday,18,500000.0,0,Maintenance
50.1,28.6,30.3,93.8,135.0,7.4,0.2,9,Wednesday,19,589950.2,0,Power_Spike
56.3,42.0,32.9,90.5,110.0,0.0,0.2,4,Wednesday,20,1119431.6,1,Normal
47.5,40.2,38.0,80.9,125.0,0.0,0.1,9,Wednesday,21,917004.2,0,Heatwave
33.7,28.3,28.4,77.2,110.0,6.0,0.1,6,Wednesday,22,490170.8,1,Normal
72.4,37.3,19.4,87.9,135.0,0.0,0.2,2,Wednesday,23,1087369.5,0,Power_Spike
26.4,28.0,25.4,69.3,110.0,0.0,0.1,6,Thursday,0,464291.1,0,Normal
65.7,42.0,38.0,65.0,143.5,0.0,0.1,2,Thursday,1,1185172.8,0,Heatwave
87.7,42.0,29.7,65.6,150.7,1.1,0.1,8,Thursday,2,1678478.8,1,AI_Demand_High
50.5,41.1,28.8,82.6,110.0,13.9,0.1,4,Thursday,3,1111138.7,1,Normal
59.0,42.0,23.4,78.7,130.7,13.2,0.1,5,Thursday,4,1305256.4,0,Normal
38.4,31.8,31.4,70.5,125.0,14.5,0.1,8,Thursday,5,1004222.8,0,Heatwave
59.4,42.0,35.9,65.2,112.1,22.8,0.1,8,Thursday,6,940466.1,0,Normal
25.0,32.1,31.3,77.7,110.0,23.3,0.1,6,Thursday,7,500000.0,0,Maintenance
100.0,42.0,33.7,86.5,211.0,27.3,0.2,15,Thursday,8,2000000.0,1,AI_Demand_High
100.0,42.0,27.1,78.3,200.9,23.5,0.2,12,Thursday,9,2403003.2,0,Normal
79.9,42.0,30.6,87.0,144.3,20.8,0.2,23,Thursday,10,1561173.9,1,Normal
30.4,32.7,23.0,72.0,110.0,24.3,0.2,18,Thursday,11,500000.0,0,Maintenance
100.0,42.0,32.1,89.4,188.1,25.4,0.2,19,Thursday,12,2060191.9,1,Normal
61.9,42.0,26.6,82.7,111.1,37.9,0.2,20,Thursday,13,1307735.0,0,Normal
100.0,42.0,26.9,71.3,204.2,37.0,0.2,13,Thursday,14,2000000.0,1,AI_Demand_High
65.4,42.0,31.0,72.1,124.7,32.0,0.2,12,Thursday,15,1100491.1,0,Maintenance
83.1,42.0,36.7,83.8,135.7,12.6,0.2,15,Thursday,16,1691197.3,1,Normal
75.2,42.0,19.3,89.9,148.7,22.8,0.2,24,Thursday,17,1310598.9,1,Normal
44.6,42.0,34.5,77.5,110.0,6.5,0.2,5,Thursday,18,729819.3,0,Maintenance
57.4,35.8,23.8,72.7,135.0,20.0,0.2,1,Thursday,19,760315.5,1,Power_Spike
88.4,42.0,26.9,91.0,166.3,7.1,0.2,5,Thursday,20,1389441.9,0,Power_Spike
72.2,42.0,18.4,85.1,127.7,11.2,0.1,6,Thursday,21,1302449.4,0,Normal
60.2,35.0,24.0,78.4,130.0,0.0,0.1,3,Thursday,22,939424.1,1,AI_Demand_High
33.8,34.3,34.1,69.6,125.0,9.9,0.1,7,Thursday,23,831186.3,0,Heatwave
27.7,29.2,19.1,71.1,110.0,0.0,0.1,6,Friday,0,500000.0,0,Maintenance
36.0,36.1,33.8,73.8,125.0,0.0,0.1,4,Friday,1,798037.1,0,Heatwave
44.4,41.0,36.5,75.8,110.0,0.0,0.1,3,Friday,2,952276.5,0,Normal
45.4,30.0,20.1,94.9,130.0,0.0,0.1,5,Friday,3,525770.3,1,AI_Demand_High
53.3,40.5,33.3,79.4,113.1,12.2,0.1,3,Friday,4,917501.9,0,Normal
64.8,42.0,26.2,79.6,123.7,25.4,0.1,9,Friday,5,1293842.2,0,Normal
58.8,39.8,31.1,82.0,135.0,33.5,0.1,9,Friday,6,838717.6,0,Power_Spike
44.6,40.3,29.2,82.5,125.0,16.9,0.1,6,Friday,7,687176.0,0,Heatwave
100.0,42.0,21.2,89.0,204.7,25.4,0.2,24,Friday,8,1912787.5,0,Power_Spike
66.4,42.0,27.2,68.5,151.4,27.6,0.2,22,Friday,9,1015744.6,1,Heatwave
71.0,42.0,19.4,86.6,125.8,26.3,0.2,17,Friday,10,1351404.6,1,Normal
100.0,42.0,21.7,82.6,175.9,30.0,0.2,23,Friday,11,2000000.0,1,AI_Demand_High
37.1,37.9,31.3,79.8,110.0,36.2,0.2,15,Friday,12,651627.6,1,Normal
100.0,42.0,35.6,70.8,181.8,35.3,0.2,15,Friday,13,2000000.0,1,AI_Demand_High
96.4,42.0,34.3,78.9,185.8,25.7,0.2,13,Friday,14,1773383.3,0,Normal
72.1,42.0,31.7,72.4,139.3,25.8,0.2,21,Friday,15,1060573.8,1,Power_Spike
100.0,42.0,20.2,92.4,186.5,18.3,0.2,15,Friday,16,2431278.2,1,Normal
64.5,42.0,29.8,65.1,125.0,25.4,0.2,19,Friday,17,1437286.5,1,Heatwave
47.7,30.0,24.2,93.6,130.0,7.6,0.2,2,Friday,18,694981.6,1,AI_Demand_High
25.0,27.0,23.0,81.0,110.0,14.3,0.2,9,Friday,19,354864.3,0,Normal
28.5,33.4,28.3,83.9,110.0,23.1,0.2,1,Friday,20,530537.7,0,Maintenance
47.1,31.2,28.7,81.3,135.0,15.7,0.1,2,Friday,21,572275.9,0,Power_Spike
35.5,39.3,25.1,68.9,110.0,13.9,0.1,2,Friday,22,500000.0,0,Maintenance
59.1,35.4,25.1,76.3,130.0,3.1,0.1,6,Friday,23,882186.5,1,AI_Demand_High
37.6,33.9,34.6,68.0,110.0,1.9,0.1,7,Saturday,0,896505.4,0,Normal
68.7,42.0,33.8,83.7,129.6,8.9,0.1,3,Saturday,1,1320525.5,1,Normal
41.4,32.3,24.2,78.4,110.0,15.2,0.1,9,Saturday,2,683526.9,0,Normal
26.3,30.3,36.3,88.3,110.0,0.0,0.1,5,Saturday,3,599620.0,0,Normal
64.4,42.0,37.1,71.6,112.3,3.8,0.1,5,Saturday,4,1304893.1,0,Normal
51.7,42.0,30.5,65.0,125.0,22.4,0.1,4,Saturday,5,1032012.8,0,Heatwave
60.1,41.0,25.1,77.2,123.7,15.8,0.1,9,Saturday,6,1297126.6,0,Normal
30.2,27.9,28.1,92.8,110.0,12.3,0.1,8,Saturday,7,525612.5,0,Normal
61.9,42.0,36.8,86.3,121.4,11.1,0.2,23,Saturday,8,1252405.7,1,Normal
54.6,33.4,35.5,77.6,135.0,22.9,0.2,15,Saturday,9,741507.0,1,Power_Spike
73.2,42.0,26.1,70.5,154.8,20.8,0.2,15,Saturday,10,1569995.7,0,Heatwave
46.4,36.6,25.9,67.5,110.7,44.6,0.2,13,Saturday,11,979537.0,0,Normal
100.0,42.0,29.1,94.5,183.0,27.9,0.2,20,Saturday,12,2000000.0,1,AI_Demand_High
54.0,40.2,28.1,85.0,110.0,31.7,0.2,14,Saturday,13,1124942.0,1,Normal
91.0,42.0,21.9,73.6,138.1,32.7,0.2,15,Saturday,14,1455522.1,1,AI_Demand_High
100.0,42.0,38.0,72.6,168.9,32.0,0.2,18,Saturday,15,2426058.7,1,Heatwave
100.0,42.0,31.5,68.3,187.6,29.0,0.2,21,Saturday,16,2294552.0,1,Normal
70.0,42.0,34.8,94.0,148.5,22.8,0.2,19,Saturday,17,1455357.5,0,Maintenance
46.7,32.1,35.2,70.2,135.0,13.7,0.2,8,Saturday,18,805139.3,1,Power_Spike
25.0,28.0,33.0,84.4,110.0,12.8,0.2,4,Saturday,19,506643.9,0,Normal
58.4,35.1,26.8,72.4,130.0,16.3,0.2,7,Saturday,20,1142323.6,1,AI_Demand_High
62.0,41.3,30.2,86.5,118.6,3.8,0.1,1,Saturday,21,1087901.5,0,Normal
35.0,28.3,21.2,88.3,110.0,4.6,0.1,6,Saturday,22,765886.8,0,Normal
54.9,42.0,31.5,85.2,110.0,4.7,0.1,6,Saturday,23,790202.7,0,Normal
29.2,27.0,21.6,83.4,110.0,4.7,0.1,6,Sunday,0,650861.4,0,Normal
27.6,27.0,31.9,91.8,110.0,0.0,0.1,2,Sunday,1,530663.0,0,Normal
85.0,42.0,22.6,67.4,143.1,10.1,0.1,8,Sunday,2,1338605.5,1,AI_Demand_High
56.6,40.3,20.4,74.9,133.0,7.3,0.0,5,Sunday,3,890367.8,0,Normal
53.0,41.0,21.3,72.4,120.9,15.9,0.2,5,Sunday,4,813129.8,0,Normal
48.5,35.0,24.0,84.6,125.0,16.3,0.1,2,Sunday,5,825701.8,0,Heatwave
61.1,40.6,32.4,76.7,130.0,27.1,0.1,4,Sunday,6,839050.8,1,AI_Demand_High
85.2,42.0,32.6,87.0,143.9,24.5,0.1,9,Sunday,7,1478708.3,1,AI_Demand_High
65.4,38.9,28.3,85.5,155.9,26.7,0.2,20,Sunday,8,913699.8,1,Power_Spike
92.5,42.0,21.2,71.4,157.3,34.9,0.2,17,Sunday,9,1820515.3,1,AI_Demand_High
100.0,42.0,19.7,72.2,217.9,30.9,0.2,22,Sunday,10,2044441.1,0,Power_Spike
100.0,42.0,18.4,73.4,220.0,32.3,0.2,20,Sunday,11,2000000.0,1,AI_Demand_High
63.5,42.0,21.3,77.3,137.5,40.2,0.2,15,Sunday,12,1101562.0,0,Maintenance
41.0,39.1,35.8,72.0,110.0,36.5,0.2,22,Sunday,13,874005.6,1,Normal
100.0,42.0,22.8,65.6,154.8,27.3,0.2,12,Sunday,14,2347532.2,1,Normal
100.0,42.0,31.1,81.4,207.2,23.4,0.2,13,Sunday,15,2292491.5,0,Heatwave
100.0,42.0,20.1,94.0,174.2,18.5,0.2,24,Sunday,16,2485977.0,0,Normal
69.1,42.0,22.4,75.2,136.7,15.3,0.2,12,Sunday,17,1204645.0,0,Normal
25.0,32.2,34.4,65.2,125.0,25.2,0.2,8,Sunday,18,582307.6,1,Heatwave
68.8,42.0,30.2,65.2,130.0,14.9,0.2,9,Sunday,19,1200207.1,1,AI_Demand_High
64.5,42.0,22.9,85.4,127.6,21.6,0.2,6,Sunday,20,1376022.2,0,Normal
40.0,27.0,19.2,89.8,135.0,0.0,0.2,2,Sunday,21,389975.6,0,Power_Spike
40.3,42.0,25.8,69.4,110.0,2.5,0.1,6,Sunday,22,697103.8,0,Maintenance
74.8,42.0,22.7,69.8,146.0,3.1,0.1,9,Sunday,23,1331605.0,1,AI_Demand_High
56.6,33.8,22.4,88.7,130.0,6.8,0.1,3,Monday,0,659572.2,1,AI_Demand_High
84.9,42.0,37.2,83.5,140.8,5.3,0.2,9,Monday,1,1322980.4,0,Power_Spike
25.0,36.2,36.3,65.0,125.0,7.7,0.1,2,Monday,2,441392.0,0,Heatwave
65.3,42.0,29.1,83.7,128.9,2.0,0.1,5,Monday,3,1083020.4,1,Normal
74.4,42.0,32.3,65.0,159.9,4.7,0.1,2,Monday,4,1340780.0,0,Heatwave
41.2,27.0,26.6,76.1,135.0,16.5,0.2,7,Monday,5,453585.3,1,Power_Spike
78.1,42.0,28.8,88.1,134.1,5.8,0.1,9,Monday,6,1426677.0,1,AI_Demand_High
52.9,36.0,31.9,89.3,135.0,13.1,0.2,7,Monday,7,874012.3,0,Power_Spike
33.6,34.5,32.0,77.0,110.0,26.3,0.2,23,Monday,8,717268.5,1,Normal
100.0,42.0,27.4,83.4,208.8,15.1,0.2,16,Monday,9,2494939.2,1,Heatwave
49.8,41.0,28.0,77.2,110.0,38.8,0.2,15,Monday,10,769424.5,1,Normal
100.0,42.0,26.2,88.2,179.0,33.0,0.2,23,Monday,11,2289905.8,1,Normal
99.3,42.0,35.4,79.5,160.0,25.6,0.2,15,Monday,12,2043860.0,1,Normal
27.3,28.2,30.6,91.9,110.0,20.1,0.2,21,Monday,13,680317.3,0,Normal
74.6,42.0,28.7,92.2,135.0,9.6,0.2,19,Monday,14,1174815.2,0,Power_Spike
74.5,42.0,20.3,67.6,136.1,21.6,0.2,21,Monday,15,1701707.8,1,Normal
100.0,42.0,30.1,93.1,188.3,23.3,0.2,24,Monday,16,2239729.7,1,Normal
100.0,42.0,20.3,89.8,176.7,13.8,0.2,21,Monday,17,2000000.0,1,AI_Demand_High
25.0,27.0,24.7,88.7,110.0,16.8,0.2,1,Monday,18,480701.9,0,Normal
43.9,30.6,20.9,71.0,110.0,5.4,0.2,5,Monday,19,1069741.4,0,Normal
70.6,42.0,31.8,89.2,145.6,14.1,0.2,2,Monday,20,1350685.7,0,Normal
25.0,27.0,22.1,90.5,110.0,3.7,0.1,9,Monday,21,478707.6,0,Normal
33.6,27.7,25.8,73.7,110.0,5.9,0.1,7,Monday,22,811854.4,0,Normal
25.0,31.6,35.9,93.6,110.0,1.8,0.1,8,Monday,23,416679.9,0,Normal
37.9,35.0,28.1,65.0,125.0,0.0,0.1,6,Tuesday,0,762005.3,0,Heatwave
35.5,31.1,28.2,69.5,110.0,0.0,0.1,9,Tuesday,1,497123.2,0,Normal
34.1,27.0,26.4,81.1,110.0,11.6,0.1,6,Tuesday,2,483329.7,0,Normal
66.7,33.0,18.4,82.3,130.0,11.1,0.2,7,Tuesday,3,1187786.9,1,AI_Demand_High
30.4,31.2,33.9,84.4,110.0,18.0,0.1,7,Tuesday,4,681051.0,0,Normal
72.4,34.5,19.4,65.5,130.0,16.5,0.1,9,Tuesday,5,1190749.6,1,AI_Demand_High
33.8,32.3,27.5,93.8,110.0,14.9,0.1,8,Tuesday,6,794923.5,0,Normal
60.9,42.0,29.2,66.3,110.0,10.1,0.1,1,Tuesday,7,1181855.5,0,Normal
77.4,42.0,30.6,69.3,135.0,21.7,0.2,15,Tuesday,8,1156470.9,1,Power_Spike
92.8,42.0,31.8,65.4,166.3,26.1,0.2,18,Tuesday,9,1709670.3,1,Normal
100.0,42.0,23.1,82.0,180.4,40.9,0.2,22,Tuesday,10,2108940.6,0,Normal
25.0,27.0,18.2,93.0,110.0,29.8,0.2,19,Tuesday,11,500000.0,0,Maintenance
64.2,42.0,32.5,85.0,141.6,44.2,0.2,18,Tuesday,12,1389095.5,0,Normal
100.0,42.0,28.7,89.7,220.0,29.3,0.2,23,Tuesday,13,2331806.1,1,Power_Spike
100.0,42.0,34.7,65.4,200.0,24.9,0.2,14,Tuesday,14,2000000.0,1,AI_Demand_High
52.0,38.2,34.4,81.3,110.0,27.0,0.2,15,Tuesday,15,996794.5,0,Normal
100.0,42.0,38.0,68.8,192.2,24.8,0.2,23,Tuesday,16,2203086.6,1,Heatwave
100.0,42.0,33.7,70.0,191.8,14.8,0.2,18,Tuesday,17,2349757.8,1,Heatwave
69.6,41.7,24.7,67.2,130.0,15.2,0.2,8,Tuesday,18,974804.9,1,AI_Demand_High
59.0,40.7,33.8,85.5,135.0,10.4,0.2,7,Tuesday,19,913123.4,0,Power_Spike
67.8,37.4,27.0,80.1,130.0,21.3,0.2,6,Tuesday,20,1150186.8,1,AI_Demand_High
28.7,27.0,21.7,88.0,110.0,0.0,0.1,9,Tuesday,21,664211.8,0,Normal
47.8,34.4,35.1,79.6,135.0,13.1,0.2,9,Tuesday,22,947449.3,1,Power_Spike
58.6,42.0,35.7,69.5,120.3,0.0,0.1,7,Tuesday,23,1066786.0,0,Normal
26.1,27.0,27.3,84.4,110.0,0.0,0.1,8,Wednesday,0,432623.1,0,Normal
57.9,32.2,19.5,70.2,130.0,10.0,0.2,6,Wednesday,1,949422.6,1,AI_Demand_High
39.4,34.2,25.8,91.2,110.0,9.1,0.0,1,Wednesday,2,779209.9,0,Normal
69.3,42.0,34.1,83.4,130.0,16.3,0.1,1,Wednesday,3,1109729.0,1,AI_Demand_High
50.7,41.4,36.0,69.7,110.0,16.5,0.1,6,Wednesday,4,1200851.4,0,Normal
59.4,33.1,22.1,93.9,135.0,24.0,0.2,2,Wednesday,5,952084.0,0,Power_Spike
37.4,27.6,19.3,80.6,110.0,20.9,0.1,8,Wednesday,6,652213.8,1,Normal
59.7,42.0,35.5,67.2,123.4,19.5,0.1,1,Wednesday,7,1345257.2,0,Normal
77.5,42.0,25.8,83.8,119.2,25.4,0.2,24,Wednesday,8,1515315.1,0,Normal
38.8,38.4,34.8,65.0,125.0,33.7,0.2,13,Wednesday,9,938466.1,1,Heatwave
35.4,35.4,37.4,89.1,110.0,18.7,0.2,19,Wednesday,10,651380.6,1,Normal
70.0,42.0,19.3,89.5,132.8,21.8,0.2,23,Wednesday,11,1401123.4,0,Maintenance
29.0,27.0,31.0,94.4,110.0,26.1,0.2,17,Wednesday,12,774100.6,0,Normal
100.0,42.0,19.5,80.1,204.1,19.5,0.2,23,Wednesday,13,2532427.3,0,Normal
100.0,42.0,25.5,78.6,175.2,30.0,0.2,21,Wednesday,14,2598160.5,1,Normal
77.7,42.0,34.1,87.6,138.3,9.7,0.2,13,Wednesday,15,1651224.9,1,Normal
85.9,42.0,26.7,69.0,135.2,23.7,0.2,13,Wednesday,16,1393863.9,1,Power_Spike
100.0,42.0,37.9,81.4,199.8,25.6,0.2,22,Wednesday,17,2000000.0,1,AI_Demand_High
34.5,29.4,29.2,81.4,110.0,14.6,0.2,7,Wednesday,18,811269.2,0,Normal
67.6,42.0,30.4,65.0,155.7,24.6,0.2,5,Wednesday,19,1344349.3,0,Heatwave
85.8,42.0,22.4,77.5,145.4,2.9,0.2,5,Wednesday,20,1363572.0,1,Power_Spike
40.3,31.3,25.0,90.6,110.0,14.1,0.1,8,Wednesday,21,722294.3,0,Normal
34.9,27.8,25.5,90.7,110.0,8.7,0.1,7,Wednesday,22,676907.0,0,Normal
28.8,31.0,25.4,65.0,125.0,0.0,0.1,9,Wednesday,23,620335.1,0,Heatwave
25.0,27.0,25.4,67.7,110.0,16.3,0.1,4,Thursday,0,368713.8,0,Normal
50.4,42.0,27.3,72.9,117.5,2.5,0.1,4,Thursday,1,996712.5,0,Normal
25.0,27.6,32.5,91.2,110.0,0.0,0.1,2,Thursday,2,368248.3,0,Normal
25.0,31.0,37.1,65.0,125.0,0.3,0.1,3,Thursday,3,726038.6,1,Heatwave
68.6,42.0,32.2,86.6,132.9,8.0,0.1,1,Thursday,4,1318939.3,0,Normal
39.4,29.1,18.2,68.0,110.0,13.8,0.1,1,Thursday,5,679665.7,0,Normal
25.0,27.0,22.4,83.7,110.0,18.1,0.1,7,Thursday,6,406884.8,0,Normal
25.0,28.4,31.2,75.7,110.0,18.6,0.2,5,Thursday,7,366292.5,0,Normal
75.0,42.0,27.7,88.7,133.3,22.5,0.2,14,Thursday,8,1425530.6,1,Normal
88.4,42.0,18.1,72.0,148.8,23.9,0.2,18,Thursday,9,1346155.2,1,AI_Demand_High
45.0,36.2,34.1,84.2,110.0,17.6,0.2,13,Thursday,10,898398.8,0,Normal
70.0,42.0,33.5,72.1,119.4,31.2,0.2,14,Thursday,11,1359250.6,0,Maintenance
96.5,42.0,29.0,86.4,198.5,13.8,0.2,12,Thursday,12,1952811.9,0,Normal
54.6,42.0,19.3,91.2,110.4,27.8,0.2,19,Thursday,13,836733.3,0,Maintenance
88.0,42.0,38.0,65.0,185.8,23.3,0.2,13,Thursday,14,1836673.8,1,Heatwave
66.7,42.0,29.7,91.0,129.7,22.0,0.2,18,Thursday,15,1429988.3,0,Normal
100.0,42.0,33.6,82.8,201.2,31.2,0.2,22,Thursday,16,1771278.6,1,Power_Spike
79.0,42.0,33.0,68.8,155.3,14.7,0.2,20,Thursday,17,1694799.6,1,Normal
73.9,41.9,34.1,77.8,140.2,23.9,0.2,6,Thursday,18,1162809.9,1,Power_Spike
73.3,42.0,28.4,69.8,130.5,12.0,0.2,2,Thursday,19,1270172.4,1,Normal
54.2,30.0,20.8,86.0,130.0,19.9,0.2,2,Thursday,20,773841.6,1,AI_Demand_High
62.6,35.9,31.4,87.8,135.0,4.8,0.2,9,Thursday,21,981806.0,0,Power_Spike
68.8,37.1,30.4,68.2,130.0,0.8,0.1,8,Thursday,22,1213622.8,1,AI_Demand_High
43.5,41.1,38.0,70.2,125.0,7.0,0.1,9,Thursday,23,1056958.0,0,Heatwave
26.9,27.0,21.4,89.4,110.0,0.0,0.1,4,Friday,0,431494.7,0,Normal
50.4,27.6,21.9,93.1,135.0,0.0,0.1,4,Friday,1,718125.1,0,Power_Spike
45.0,30.0,35.8,80.4,130.0,3.0,0.1,2,Friday,2,480734.5,1,AI_Demand_High
62.2,36.7,33.0,93.5,130.0,6.7,0.1,1,Friday,3,552897.2,1,AI_Demand_High
54.1,42.0,36.2,81.1,110.0,19.7,0.1,4,Friday,4,1046257.1,0,Normal
40.0,27.0,33.2,76.8,135.0,3.0,0.1,8,Friday,5,481047.0,0,Power_Spike
45.1,37.8,29.9,90.4,110.0,14.1,0.1,2,Friday,6,953789.9,0,Normal
29.5,31.0,37.1,69.8,125.0,24.2,0.1,8,Friday,7,451493.0,0,Heatwave
100.0,42.0,35.8,79.2,198.2,24.5,0.2,12,Friday,8,2219222.2,1,Normal
31.9,32.8,29.6,79.7,110.0,34.1,0.2,12,Friday,9,811252.0,0,Normal
100.0,42.0,30.6,90.4,162.7,22.9,0.2,15,Friday,10,1822713.4,1,AI_Demand_High
55.7,38.3,21.1,90.0,110.0,24.6,0.2,18,Friday,11,1193444.2,1,Normal
92.9,42.0,33.5,67.1,188.9,38.6,0.2,20,Friday,12,1633130.2,1,Heatwave
100.0,42.0,38.0,65.0,171.2,32.7,0.2,16,Friday,13,1993231.5,0,Heatwave
81.2,42.0,23.4,79.8,174.0,26.8,0.2,13,Friday,14,1677982.8,1,Normal
91.9,42.0,22.0,82.2,176.3,29.3,0.2,23,Friday,15,1684205.9,1,Normal
95.0,42.0,30.3,65.0,205.8,19.4,0.2,18,Friday,16,1892298.2,1,Heatwave
72.8,42.0,22.8,88.8,121.4,12.7,0.2,22,Friday,17,1352880.1,0,Normal
82.7,42.0,22.3,79.6,172.3,14.3,0.2,2,Friday,18,1296502.9,1,Power_Spike
67.3,37.3,26.5,75.0,131.2,22.7,0.2,9,Friday,19,1257549.7,1,AI_Demand_High
54.6,41.3,36.2,68.2,110.0,0.0,0.2,9,Friday,20,1170021.3,1,Normal
50.4,35.2,28.1,72.2,110.0,11.1,0.1,3,Friday,21,883750.7,1,Normal
29.1,27.0,21.8,93.5,110.0,4.9,0.1,8,Friday,22,621566.4,0,Normal
25.0,27.0,19.5,74.2,110.0,0.0,0.1,4,Friday,23,500000.0,0,Maintenance
47.8,37.1,31.9,70.1,110.0,1.9,0.1,3,Saturday,0,1071081.9,0,Normal
48.0,38.2,25.7,78.8,110.0,5.8,0.0,1,Saturday,1,909766.2,0,Normal
39.0,39.5,38.0,65.0,125.0,9.4,0.1,5,Saturday,2,532468.3,0,Heatwave
57.7,31.5,31.2,66.1,130.0,0.0,0.1,4,Saturday,3,1057748.2,1,AI_Demand_High
47.0,41.3,33.9,74.7,110.0,19.9,0.1,1,Saturday,4,937911.1,0,Normal
44.4,36.0,23.4,81.3,110.0,10.2,0.1,8,Saturday,5,717593.8,0,Normal
85.7,42.0,31.8,81.6,150.7,21.6,0.1,8,Saturday,6,1587565.6,1,AI_Demand_High
25.0,27.0,23.3,75.7,110.0,24.9,0.1,8,Saturday,7,500000.0,0,Maintenance
56.2,42.0,36.8,78.4,115.1,18.1,0.2,14,Saturday,8,1039697.9,0,Maintenance
91.9,42.0,36.7,84.0,195.8,25.0,0.2,17,Saturday,9,1787068.4,0,Heatwave
60.3,32.0,24.5,76.3,130.0,26.9,0.2,23,Saturday,10,994564.0,1,AI_Demand_High
70.0,42.0,23.4,72.7,155.4,19.7,0.2,23,Saturday,11,1129135.0,0,Maintenance
63.8,35.1,21.8,72.3,130.0,42.0,0.2,18,Saturday,12,880343.9,1,AI_Demand_High
61.7,42.0,31.9,78.7,137.7,27.4,0.2,20,Saturday,13,870643.8,0,Maintenance
70.0,42.0,22.4,87.8,142.9,18.2,0.2,16,Saturday,14,1355417.7,0,Maintenance
100.0,42.0,29.9,71.2,208.6,23.8,0.2,20,Saturday,15,2247731.2,1,Normal
95.7,42.0,23.3,86.3,167.4,20.3,0.2,17,Saturday,16,1890824.0,1,Normal
60.7,38.6,31.2,65.6,140.5,20.1,0.2,21,Saturday,17,956356.7,0,Power_Spike
33.2,32.0,34.3,77.6,110.0,20.8,0.2,4,Saturday,18,622774.6,0,Normal
45.6,42.0,38.0,78.3,125.0,3.6,0.2,1,Saturday,19,947811.2,0,Heatwave
58.9,42.0,33.2,75.2,134.6,7.2,0.2,1,Saturday,20,1157179.1,0,Normal
70.7,42.0,21.8,81.9,139.6,8.1,0.2,5,Saturday,21,955436.3,0,Power_Spike
25.0,27.0,19.8,71.1,110.0,17.2,0.2,3,Saturday,22,519388.1,0,Normal
66.9,42.0,32.0,87.3,146.8,1.7,0.2,5,Saturday,23,901782.0,0,Power_Spike
62.2,42.0,31.4,65.0,142.5,6.5,0.0,5,Sunday,0,1085345.1,0,Heatwave
26.7,27.0,26.6,90.6,110.0,2.6,0.1,1,Sunday,1,547933.4,0,Normal
32.3,31.0,24.6,65.0,125.0,2.9,0.1,8,Sunday,2,900392.5,0,Heatwave
63.4,42.0,23.2,91.2,125.5,5.5,0.1,5,Sunday,3,1341208.4,0,Normal
45.3,35.2,18.7,75.6,110.0,10.7,0.1,5,Sunday,4,750155.0,0,Normal
27.2,27.0,35.6,86.7,110.0,15.3,0.1,9,Sunday,5,547590.4,0,Normal
25.0,27.0,22.9,74.6,110.0,25.7,0.1,8,Sunday,6,620147.5,0,Normal
61.3,36.6,29.1,92.2,130.0,18.5,0.1,1,Sunday,7,1063978.4,1,AI_Demand_High
84.0,42.0,18.8,68.8,178.2,30.5,0.2,14,Sunday,8,1579165.9,0,Normal
51.9,42.0,31.3,70.4,120.1,20.5,0.2,23,Sunday,9,850069.7,0,Maintenance
100.0,42.0,24.5,79.8,186.9,26.7,0.2,18,Sunday,10,2119982.8,0,Normal
56.5,42.0,38.0,65.0,135.2,27.7,0.2,12,Sunday,11,1174005.3,1,Heatwave
89.9,42.0,35.8,70.9,155.9,36.9,0.2,12,Sunday,12,1845639.9,1,Normal
32.6,33.9,24.5,93.3,110.0,23.5,0.2,16,Sunday,13,625523.3,0,Maintenance
46.8,42.0,36.0,94.3,123.8,27.7,0.2,20,Sunday,14,685535.8,0,Maintenance
25.0,28.9,37.9,76.3,110.0,20.7,0.2,17,Sunday,15,500000.0,0,Maintenance
100.0,42.0,34.5,92.7,203.1,18.9,0.2,21,Sunday,16,2348113.3,0,Normal
70.0,42.0,34.9,81.3,141.7,24.5,0.2,13,Sunday,17,1214528.6,0,Maintenance
46.5,37.7,23.0,73.1,110.0,5.1,0.2,9,Sunday,18,809691.4,1,Normal
55.4,41.4,29.5,86.1,112.1,24.4,0.2,6,Sunday,19,1160213.6,1,Normal
25.0,27.0,19.3,84.8,110.0,10.0,0.2,5,Sunday,20,415149.0,0,Normal
39.1,27.0,19.9,94.7,110.0,0.0,0.1,5,Sunday,21,785481.9,0,Normal
45.1,38.9,38.0,73.0,110.0,6.8,0.1,3,Sunday,22,1010882.6,0,Normal
49.8,42.0,24.5,85.2,113.2,2.5,0.1,6,Sunday,23,830781.0,0,Maintenance
45.8,41.9,33.0,66.6,110.0,0.0,0.1,4,Monday,0,1057905.1,1,Normal
62.8,42.0,34.1,68.4,130.7,8.9,0.1,2,Monday,1,1113457.8,1,Normal
64.3,42.0,35.2,65.1,137.3,10.3,0.1,3,Monday,2,1341905.6,0,Normal
28.0,37.0,38.0,95.0,110.0,8.8,0.1,9,Monday,3,500000.0,0,Maintenance
27.2,31.0,28.8,79.1,125.0,12.0,0.1,9,Monday,4,509351.5,0,Heatwave
43.5,33.2,18.8,88.6,110.0,11.0,0.1,6,Monday,5,900666.9,0,Normal
47.9,42.0,26.2,80.3,111.2,28.2,0.1,9,Monday,6,778532.6,0,Maintenance
55.8,42.0,26.6,65.0,125.0,11.5,0.1,4,Monday,7,1173119.5,1,Heatwave
100.0,42.0,18.4,69.5,170.6,24.2,0.2,22,Monday,8,2441613.2,1,Normal
82.2,42.0,31.2,65.0,162.9,26.6,0.2,16,Monday,9,1804745.8,1,Heatwave
55.8,42.0,38.0,66.3,125.0,34.0,0.2,21,Monday,10,1100708.7,1,Heatwave
70.0,42.0,29.3,87.7,141.9,20.6,0.2,17,Monday,11,1469846.0,0,Maintenance
51.6,37.5,24.3,81.2,110.0,24.5,0.2,24,Monday,12,1152572.2,1,Normal
78.7,42.0,31.1,67.3,159.9,33.0,0.2,20,Monday,13,1654390.4,0,Normal
100.0,42.0,22.6,65.5,180.1,30.9,0.2,24,Monday,14,2070251.3,0,Normal
100.0,42.0,24.3,65.0,180.0,35.2,0.2,16,Monday,15,2007235.1,1,Heatwave
63.5,40.8,33.3,77.3,130.0,15.7,0.2,19,Monday,16,993755.9,1,AI_Demand_High
100.0,42.0,30.5,93.0,174.0,23.3,0.2,22,Monday,17,2126753.2,0,Normal
39.9,32.0,33.2,84.1,110.0,31.7,0.2,1,Monday,18,722606.5,1,Normal
84.9,42.0,18.8,89.1,166.2,9.4,0.2,5,Monday,19,1264464.6,0,Power_Spike
86.9,42.0,34.7,79.0,166.4,3.9,0.2,1,Monday,20,1388536.8,0,Power_Spike
45.0,30.0,30.4,75.8,130.0,6.3,0.1,6,Monday,21,469220.6,1,AI_Demand_High
54.7,42.0,35.3,65.0,128.8,5.9,0.1,7,Monday,22,1013618.9,0,Heatwave
61.2,41.1,30.5,91.3,130.0,5.7,0.1,5,Monday,23,714844.2,1,AI_Demand_High
47.3,42.0,35.3,88.5,125.8,0.0,0.1,1,Tuesday,0,961220.4,0,Normal
29.9,29.1,29.7,70.0,110.0,12.2,0.1,6,Tuesday,1,715570.8,0,Normal
75.3,42.0,29.6,80.4,142.7,0.0,0.1,5,Tuesday,2,1372751.8,0,Normal
28.4,37.2,37.8,79.6,110.0,0.0,0.1,6,Tuesday,3,500000.0,0,Maintenance
25.0,27.9,33.1,83.8,110.0,18.3,0.1,7,Tuesday,4,699367.9,0,Normal
45.3,36.4,26.8,93.4,110.0,0.0,0.1,7,Tuesday,5,804852.3,0,Normal
56.2,39.5,32.1,82.4,138.7,16.3,0.1,2,Tuesday,6,1187642.4,1,Normal
54.1,38.2,25.8,81.2,110.0,39.1,0.1,3,Tuesday,7,1093845.2,0,Normal
100.0,42.0,22.6,66.5,181.7,23.3,0.2,23,Tuesday,8,2000000.0,1,AI_Demand_High
100.0,42.0,29.9,66.9,185.4,19.5,0.2,17,Tuesday,9,2260511.5,1,Normal
84.2,42.0,36.6,70.6,171.6,28.8,0.2,14,Tuesday,10,1599527.8,1,Normal
100.0,42.0,36.6,66.0,190.9,31.8,0.2,13,Tuesday,11,2064773.1,0,Power_Spike
100.0,42.0,24.8,87.3,160.4,29.0,0.2,15,Tuesday,12,2199082.6,0,Normal
36.9,42.0,28.6,86.7,110.0,29.6,0.2,16,Tuesday,13,651677.5,0,Maintenance
82.2,42.0,22.2,69.1,136.9,22.9,0.2,22,Tuesday,14,1254912.1,0,Power_Spike
100.0,42.0,37.9,90.1,198.9,31.1,0.2,21,Tuesday,15,2000000.0,1,AI_Demand_High
61.1,38.9,37.6,69.6,130.0,24.8,0.2,20,Tuesday,16,1120289.0,1,AI_Demand_High
100.0,42.0,31.0,74.0,173.3,24.8,0.2,14,Tuesday,17,2147015.0,1,Normal
56.2,42.0,38.0,65.0,125.0,13.7,0.2,3,Tuesday,18,1188755.4,0,Heatwave
73.1,42.0,32.3,76.2,141.8,22.3,0.2,6,Tuesday,19,1365683.2,0,Normal
61.7,42.0,29.9,72.6,133.0,10.1,0.2,5,Tuesday,20,1189120.8,0,Normal
52.7,38.7,19.1,79.7,110.0,10.4,0.1,6,Tuesday,21,832563.2,0,Normal
31.5,29.4,27.1,77.2,110.0,0.2,0.1,7,Tuesday,22,657141.8,1,Normal
53.3,35.1,31.5,94.6,130.0,0.0,0.1,3,Tuesday,23,850027.1,1,AI_Demand_High
31.8,28.9,31.6,66.7,110.0,4.1,0.1,5,Wednesday,0,638117.9,1,Normal
47.7,40.3,31.5,65.0,125.0,0.3,0.1,8,Wednesday,1,989959.6,0,Heatwave
55.7,42.0,36.8,66.6,139.5,0.7,0.1,4,Wednesday,2,1017771.3,0,Normal
25.0,27.0,21.3,83.8,110.0,4.9,0.1,2,Wednesday,3,414584.1,0,Normal
63.4,42.0,28.0,66.6,130.0,15.9,0.1,4,Wednesday,4,1194078.5,1,AI_Demand_High
41.0,34.7,31.8,90.1,110.0,7.9,0.1,2,Wednesday,5,947756.6,0,Normal
67.7,42.0,37.9,70.4,147.4,16.8,0.1,3,Wednesday,6,1240670.2,0,Heatwave
67.8,42.0,31.0,80.8,150.9,20.5,0.1,4,Wednesday,7,1151655.4,1,Normal
54.3,41.0,23.5,81.8,110.0,11.8,0.2,15,Wednesday,8,1098845.8,0,Normal
62.7,41.5,21.1,70.1,113.0,17.4,0.2,21,Wednesday,9,1274913.9,1,Normal
100.0,42.0,30.7,70.9,219.5,31.2,0.2,20,Wednesday,10,1916619.9,1,Power_Spike
61.8,42.0,30.0,74.6,135.1,27.7,0.2,21,Wednesday,11,1095970.2,0,Normal
85.9,42.0,21.6,82.8,157.1,41.3,0.2,17,Wednesday,12,1828920.6,1,Normal
100.0,42.0,32.1,71.3,194.3,37.9,0.2,20,Wednesday,13,2360966.4,0,Normal
100.0,42.0,27.1,68.5,213.1,33.5,0.2,15,Wednesday,14,2090341.5,0,Power_Spike
70.0,42.0,31.4,94.1,161.6,31.9,0.2,20,Wednesday,15,1227430.6,0,Maintenance
100.0,42.0,38.0,65.0,199.9,22.8,0.2,22,Wednesday,16,2536609.4,0,Heatwave
44.9,34.9,21.4,89.1,110.0,20.2,0.2,24,Wednesday,17,778339.9,0,Normal
45.0,30.0,18.4,88.6,130.0,10.5,0.2,9,Wednesday,18,903541.0,1,AI_Demand_High
82.8,42.0,33.6,73.9,164.7,29.3,0.2,6,Wednesday,19,1275056.3,0,Power_Spike
58.4,40.8,30.2,69.1,135.0,23.6,0.2,5,Wednesday,20,947161.6,1,Power_Spike
59.3,38.0,32.0,69.4,135.0,8.8,0.2,3,Wednesday,21,1106511.0,0,Power_Spike
64.8,42.0,38.0,75.9,138.2,7.0,0.1,5,Wednesday,22,1233762.6,0,Heatwave
35.0,29.0,34.1,84.3,110.0,11.1,0.1,3,Wednesday,23,535136.0,0,Normal
86.2,42.0,37.2,88.5,152.0,0.0,0.1,5,Thursday,0,1608093.5,1,AI_Demand_High
53.1,32.0,28.7,93.1,130.0,0.0,0.1,5,Thursday,1,656185.3,1,AI_Demand_High
56.8,42.0,27.8,85.8,110.0,9.9,0.1,2,Thursday,2,941943.1,1,Normal
63.2,42.0,26.0,69.7,138.3,9.2,0.1,9,Thursday,3,1106588.7,0,Normal
96.8,42.0,21.1,72.3,177.3,12.8,0.1,7,Thursday,4,1607454.2,1,AI_Demand_High
67.2,42.0,29.5,90.3,125.5,6.7,0.0,6,Thursday,5,1254328.6,0,Normal
74.1,42.0,23.5,71.3,135.9,7.2,0.1,5,Thursday,6,1288607.9,1,AI_Demand_High
50.7,42.0,36.4,67.2,110.0,21.8,0.2,4,Thursday,7,1206464.0,0,Normal
100.0,42.0,29.7,86.1,186.2,24.1,0.2,19,Thursday,8,2596063.6,1,Normal
100.0,42.0,29.9,77.1,189.4,24.9,0.2,13,Thursday,9,2214365.4,1,Normal
100.0,42.0,25.1,92.6,204.5,32.0,0.2,19,Thursday,10,2106627.9,1,Normal
44.6,33.4,19.0,84.5,110.0,27.9,0.2,12,Thursday,11,913857.1,1,Normal
100.0,42.0,18.6,67.7,168.7,28.7,0.2,21,Thursday,12,2406756.3,1,Normal
70.0,42.0,26.5,93.4,138.6,25.3,0.2,12,Thursday,13,1513011.2,0,Maintenance
100.0,42.0,19.7,72.8,188.0,28.7,0.2,14,Thursday,14,2000000.0,1,AI_Demand_High
46.9,36.2,30.1,75.1,110.0,30.9,0.2,16,Thursday,15,734203.6,0,Normal
37.0,39.7,38.0,67.1,125.0,18.7,0.2,17,Thursday,16,813940.4,0,Heatwave
100.0,42.0,38.0,65.0,202.8,28.6,0.2,15,Thursday,17,2031845.4,0,Heatwave
52.7,42.0,37.2,69.9,134.5,29.3,0.2,7,Thursday,18,1143006.9,1,Heatwave
25.0,31.0,28.2,65.0,125.0,14.3,0.2,7,Thursday,19,604337.3,0,Heatwave
60.4,42.0,35.3,77.0,119.5,19.2,0.2,2,Thursday,20,1281930.3,0,Normal
25.0,30.5,35.7,75.5,110.0,2.4,0.1,2,Thursday,21,453285.0,0,Normal
59.7,42.0,21.9,88.2,115.9,11.1,0.1,2,Thursday,22,1246438.2,0,Normal
28.5,30.0,32.7,89.1,110.0,8.6,0.1,2,Thursday,23,653017.4,1,Normal
25.0,27.0,23.7,69.6,110.0,5.2,0.1,9,Friday,0,500000.0,0,Maintenance
53.7,40.2,34.1,76.0,110.0,2.8,0.1,5,Friday,1,1083490.1,0,Normal
78.7,42.0,37.9,76.2,146.9,0.0,0.1,8,Friday,2,1625764.6,1,AI_Demand_High
62.9,32.2,18.6,69.5,130.0,4.9,0.1,5,Friday,3,920306.5,1,AI_Demand_High
51.6,40.4,35.9,89.0,130.0,5.6,0.1,5,Friday,4,746213.2,1,AI_Demand_High
66.0,42.0,30.5,86.2,130.0,5.8,0.1,1,Friday,5,1312692.4,1,AI_Demand_High
51.6,42.0,37.5,70.7,110.0,18.2,0.1,6,Friday,6,1068843.3,1,Normal
58.1,42.0,33.3,66.0,140.2,17.9,0.2,4,Friday,7,1252544.3,0,Heatwave
100.0,42.0,34.9,68.2,170.3,18.4,0.2,14,Friday,8,2085062.2,1,Normal
81.2,42.0,19.2,83.8,155.9,19.9,0.2,17,Friday,9,1162239.0,0,Power_Spike
100.0,42.0,24.7,68.6,206.8,24.9,0.2,13,Friday,10,2000000.0,1,AI_Demand_High
58.1,32.4,19.3,94.6,130.0,32.4,0.2,19,Friday,11,898680.1,1,AI_Demand_High
88.5,42.0,37.5,88.4,158.6,24.0,0.2,12,Friday,12,1789977.8,0,Normal
60.2,42.0,34.3,76.7,135.0,29.0,0.2,23,Friday,13,823569.5,1,Power_Spike
98.4,42.0,35.1,82.4,167.8,26.4,0.2,20,Friday,14,1941546.1,0,Normal
100.0,42.0,36.8,92.3,188.2,23.0,0.2,19,Friday,15,2282233.2,0,Normal
53.8,27.9,19.7,81.6,135.0,26.1,0.2,12,Friday,16,813650.5,0,Power_Spike
86.0,42.0,25.7,70.2,174.3,2.1,0.2,21,Friday,17,1815071.7,0,Normal
62.9,35.4,19.4,76.4,130.0,23.6,0.2,9,Friday,18,874991.0,1,AI_Demand_High
41.1,27.0,22.2,90.3,110.0,20.3,0.2,2,Friday,19,819481.6,1,Normal
55.5,36.8,22.6,84.3,130.0,5.4,0.2,3,Friday,20,577931.8,1,AI_Demand_High
25.0,28.1,27.4,84.5,110.0,2.9,0.2,2,Friday,21,414225.7,0,Normal
40.0,27.0,23.4,91.0,135.0,2.0,0.1,8,Friday,22,511142.1,0,Power_Spike
51.9,27.0,20.0,91.8,135.0,0.0,0.2,2,Friday,23,919616.6,1,Power_Spike
51.0,30.0,21.3,92.6,130.0,1.3,0.1,2,Saturday,0,1004031.0,1,AI_Demand_High
36.8,29.1,20.9,67.8,110.0,0.0,0.1,1,Saturday,1,926555.7,0,Normal
83.2,42.0,37.5,81.3,142.7,0.0,0.1,7,Saturday,2,1478842.7,1,AI_Demand_High
27.4,29.0,33.2,87.2,110.0,16.2,0.1,2,Saturday,3,487001.2,0,Normal
28.5,32.0,37.4,87.7,110.0,3.8,0.1,5,Saturday,4,759196.9,0,Normal
33.9,33.2,26.8,83.2,110.0,22.0,0.1,5,Saturday,5,570620.4,0,Normal
60.8,36.3,23.6,70.0,135.0,19.6,0.1,3,Saturday,6,973486.5,0,Power_Spike
25.0,27.0,34.0,88.9,110.0,5.5,0.1,3,Saturday,7,350088.2,0,Normal
100.0,42.0,24.5,86.6,202.3,22.5,0.2,24,Saturday,8,1740389.3,0,Power_Spike
70.0,42.0,24.0,67.6,148.6,25.5,0.2,23,Saturday,9,1229442.2,0,Maintenance
63.4,42.0,22.7,78.9,116.3,26.4,0.2,14,Saturday,10,1300409.5,1,Normal
100.0,42.0,20.6,70.2,206.5,33.6,0.2,17,Saturday,11,2000000.0,1,AI_Demand_High
40.2,32.2,23.1,75.1,110.0,37.8,0.2,15,Saturday,12,1062516.0,1,Normal
100.0,42.0,25.1,65.5,194.7,36.3,0.2,24,Saturday,13,2000000.0,1,AI_Demand_High
79.4,42.0,31.5,77.0,165.1,36.2,0.2,14,Saturday,14,1613853.8,0,Normal
59.0,42.0,25.3,71.5,145.6,28.7,0.2,13,Saturday,15,1298330.8,1,Heatwave
99.6,42.0,22.2,83.6,173.5,15.1,0.2,24,Saturday,16,2007092.1,0,Normal
100.0,42.0,34.2,84.9,166.5,17.6,0.2,14,Saturday,17,2241167.5,0,Normal
32.3,27.0,20.9,90.1,110.0,31.7,0.2,4,Saturday,18,673484.0,0,Normal
55.0,39.3,24.9,71.5,110.0,18.9,0.2,6,Saturday,19,1178411.5,0,Normal
25.0,27.0,35.3,68.6,110.0,25.9,0.2,4,Saturday,20,475267.8,1,Normal
43.6,34.5,21.1,90.5,110.0,15.4,0.1,8,Saturday,21,818354.6,0,Normal
48.9,29.8,19.7,69.7,110.0,7.3,0.1,3,Saturday,22,1108195.2,0,Normal
50.9,31.1,27.7,94.2,135.0,4.1,0.2,3,Saturday,23,548982.0,0,Power_Spike
